month,revenue,cost_of_goods_sold,gross_profit,operating_expenses,operating_income,net_income,log_revenue,log_net_income,log_cost_of_goods_sold,log_gross_profit,log_operating_expenses,log_operating_income
01/01/2019,81472.54527,38307.54961,43164.99566,16123.97144,27041.02422,23151.98772,11.30803365,10.04987911,10.55342838,10.67280833,9.688124371,10.20514739
01/01/2019,61172.61187,25451.02464,35721.58723,13151.74726,22569.83998,16832.54495,11.0214712,9.731128898,10.14455057,10.48353846,9.484385933,10.02441409
01/01/2019,153372.4365,83402.71119,69969.72526,27669.53059,42300.19467,35144.40205,11.94063099,10.46724908,11.33144809,11.15583222,10.22812325,10.65257061
01/01/2019,100361.0094,45852.32198,54508.6874,16897.52469,37611.16271,33821.2689,11.51653902,10.42887471,10.73320293,10.90613372,9.734981601,10.53508275
01/01/2019,137228.8297,67882.72222,69346.10748,24969.0402,44377.06727,32128.64545,11.82941239,10.37753442,11.12555155,11.14687972,10.12543199,10.70050065
01/01/2019,131534.1023,58763.17492,72770.92739,29872.84199,42898.08539,30658.33813,11.78702903,10.33069256,10.98128768,11.19508555,10.30473853,10.66660579
01/01/2019,99639.23032,59691.99632,39947.23401,16518.84041,23428.39359,18801.76342,11.50932128,9.841759128,10.99696998,10.59533975,9.712317387,10.06174665
01/02/2019,129168.4305,45697.2038,83471.22673,40758.61003,42712.6167,31106.80609,11.76888024,10.34521407,10.72981427,11.33226924,10.61544692,10.66227304
01/02/2019,137100.3339,67167.43462,69932.89923,33048.10067,36884.79856,30301.52082,11.82847559,10.31898618,11.11495869,11.15530578,10.40574963,10.51558189
01/02/2019,134755.9756,61546.01199,73209.96364,28466.46796,44743.49568,37393.7278,11.81122825,10.52928501,11.02755658,11.20110047,10.25651724,10.70872371
01/02/2019,55069.81747,31850.99161,23218.82585,8134.99281,15083.83304,10655.39412,10.91637523,9.273915378,10.36885519,10.05276176,9.004053054,9.621445084
01/02/2019,122249.0218,64881.2085,57367.81329,17285.28257,40082.53072,29024.71946,11.71382359,10.27593759,11.08032873,10.95725611,9.757668551,10.59872082
01/02/2019,187971.9711,81718.47501,106253.4961,39056.5708,67196.92529,54518.55065,12.14405346,10.90631464,11.31104762,11.5735924,10.57279201,11.11539765
01/02/2019,107870.5016,40861.00659,67009.49497,26729.44427,40280.0507,32502.52818,11.588696,10.38910392,10.61795598,11.11260453,10.19355843,10.60363643
01/03/2019,136079.6325,76413.92852,59665.70394,29353.49442,30312.20952,26326.70187,11.82100287,10.17837697,11.24393336,10.99652942,10.28720095,10.31933885
01/03/2019,139485.6477,74357.12245,65128.52522,19954.88852,45173.6367,38501.02717,11.84572416,10.55846617,11.21664819,11.08413326,9.901279543,10.71829107
01/03/2019,111644.6083,49526.48925,62118.11907,20219.59109,41898.52797,30550.99938,11.62308492,10.32718541,10.81028313,11.0368091,9.914456725,10.64302984
01/03/2019,172777.9794,83077.44683,89700.53257,41318.16811,48382.36446,40804.91019,12.05976848,10.61658221,11.32754058,11.40424313,10.62908179,10.78691132
01/03/2019,140370.5461,54050.35926,86320.18686,40913.5479,45406.63896,37053.69404,11.85204809,10.52015032,10.89768997,11.36583035,10.61924097,10.72343563
01/03/2019,96831.79099,35833.77547,60998.01552,21454.17679,39543.83873,33724.66086,11.48074097,10.42601428,10.48667408,11.018613,9.973721237,10.58519046
01/03/2019,57290.13187,17763.82931,39526.30256,16382.01192,23144.29064,20678.50708,10.95590112,9.936898493,9.7849759,10.58474692,9.704000218,10.04954661
01/04/2019,175202.1097,65570.24445,109631.8652,49187.17396,60444.69128,51618.67858,12.07370121,10.85165825,11.09089253,11.60489247,10.80340851,11.00950058
01/04/2019,175727.0156,69062.42997,106664.5856,43652.36714,63012.21848,56423.56217,12.07669271,10.94065984,11.14278064,11.57745385,10.6840357,11.0510998
01/04/2019,52197.92799,21763.32944,30434.59855,11863.21579,18571.38276,16275.00796,10.86281724,9.697447398,9.988027644,10.32336821,9.381282073,9.829430958
01/04/2019,52137.06714,19981.26683,32155.80031,13251.27617,18904.52414,15902.20177,10.86165062,9.674275737,9.902600501,10.37837923,9.491924603,9.847209441
01/04/2019,142650.3579,74952.5755,67697.78237,22693.76919,45004.01318,39313.88563,11.86815888,10.5793585,11.22462421,11.12282347,10.02988974,10.71452917
01/04/2019,148374.7493,75737.50334,72637.24591,27244.3812,45392.86472,35003.9399,11.90750318,10.46324447,11.23504194,11.19324687,10.21263929,10.72313224
01/04/2019,198223.0806,62113.41582,136109.6647,53622.82148,82486.84326,72436.1976,12.19715339,11.19047523,11.03673338,11.82122355,10.88974868,11.32040621
01/04/2019,77547.71968,23728.51873,53819.20095,19790.01705,34029.1839,26245.25634,11.25866166,10.17527864,10.07447507,10.89340416,9.892983429,10.43500317
01/04/2019,127541.9004,71749.08047,55792.81991,21350.25993,34442.55998,24815.99199,11.75620806,10.11928386,11.18094426,10.92941839,9.96886603,10.44707732
01/04/2019,71074.60882,33639.10476,37435.50405,13344.08763,24091.41642,19821.42432,11.1714995,9.894569117,10.42347423,10.53040155,9.498903628,10.0896524
01/05/2019,80478.69345,32260.0721,48218.62136,15584.52586,32634.09549,24705.11235,11.29576018,10.11480596,10.38161658,10.7835213,9.654097933,10.39314354
01/05/2019,177119.3243,57720.54882,119398.7755,36579.55312,82819.22234,61422.12806,12.08458458,11.02554172,10.96338585,11.6902326,10.50727204,11.32442754
01/05/2019,188533.2225,72548.65053,115984.5719,49756.7308,66227.84112,53771.83663,12.14703482,10.89252372,11.19202644,11.66122108,10.81492112,11.10087131
01/05/2019,166037.1356,65297.94327,100739.1923,33180.67526,67558.51707,48550.1761,12.01997277,10.7903737,11.08673113,11.52030013,10.40975305,11.12076422
01/05/2019,55045.40133,32561.59111,22483.81022,8998.464309,13485.34591,11407.65197,10.91593177,9.342127291,10.3909194,10.02059526,9.104920333,9.509433038
01/05/2019,195328.0998,67501.15977,127826.9401,47611.22498,80215.71509,57031.98618,12.18244111,10.95138508,11.11991487,11.75844042,10.77084483,11.29248719
01/05/2019,133180.5902,75430.85101,57749.73919,27328.04941,30421.68978,27231.10216,11.79946882,10.21215178,11.23098489,10.96389143,10.2157055,10.32294398
01/05/2019,158141.1873,77373.53859,80767.64872,37697.0884,43070.56032,38065.44439,11.97124983,10.54708845,11.25641305,11.29934416,10.53736467,10.6706182
01/06/2019,171126.5382,74374.85923,96751.67897,44443.2168,52308.46216,43523.38715,12.05016439,10.68107668,11.2168867,11.4799133,10.70199013,10.86493255
01/06/2019,143703.9082,49290.88658,94413.02157,44601.74828,49811.2733,39857.92552,11.87551723,10.59310164,10.80551477,11.45544487,10.70555076,10.81601668
01/06/2019,147344.5055,62566.90336,84777.60217,34909.11597,49868.4862,42719.80709,11.90053549,10.66244137,11.0440077,11.34779846,10.46053192,10.8171646
01/06/2019,164331.1715,73872.89842,90458.27303,29126.6364,61331.63663,44728.10598,12.00964509,10.70837971,11.21011484,11.41265501,10.27944271,11.02406739
01/06/2019,154333.3974,80056.72117,74276.67627,33246.08663,41030.58965,35314.432,11.94687694,10.47207531,11.29050317,11.21556573,10.41172242,10.62209753
01/06/2019,138151.2907,52352.65285,85798.63789,35735.06933,50063.56856,43096.91092,11.83611191,10.6712298,10.86577699,11.35977007,10.4839158,10.82106882
01/07/2019,165840.5295,97236.91952,68603.60999,30388.61785,38214.99214,30193.11951,12.01878797,10.31540247,11.48491603,11.13611501,10.32185631,10.55100935
01/07/2019,69993.70758,38651.43355,31342.27402,13630.89279,17711.38123,15614.75147,11.15617491,9.656035394,10.56236502,10.35275498,9.520167384,9.782019179
01/07/2019,123951.4931,67605.14252,56346.35058,17125.30769,39221.04289,33478.19093,11.72765365,10.41867936,11.12145412,10.9392905,9.748371022,10.57699419
01/07/2019,172945.511,61706.99788,111238.5131,37832.36031,73406.15277,63504.16546,12.06073764,11.05887653,11.03016883,11.61944093,10.54094654,11.20377666
01/07/2019,178031.1513,95888.43547,82142.71588,36850.74808,45291.96779,35795.75057,12.08971944,10.4856124,11.47095109,11.31622562,10.51465833,10.72090706
01/07/2019,107516.9993,43043.56634,64473.43298,25003.29251,39470.14048,35512.26381,11.58541355,10.47766153,10.66999128,11.07402404,10.12680279,10.58332506
01/08/2019,161064.6439,64658.57824,96406.06571,37149.34609,59256.71962,45622.16679,11.98956729,10.72817091,11.07689153,11.47633477,10.52272837,10.98965134
01/08/2019,151187.6584,68119.91128,83067.74714,27016.26119,56051.48594,42310.01113,11.92628373,10.65280264,11.12903951,11.32742382,10.20423124,10.93404378
01/08/2019,140871.7316,73493.77244,67377.95912,31416.99887,35960.96025,32052.56444,11.85561215,10.37516367,11.20496956,11.11808807,10.35513622,10.490217
01/08/2019,189953.3151,98007.59671,91945.71834,27691.45742,64254.26092,48675.74925,12.15453888,10.79295677,11.49281048,11.42896454,10.22891536,11.07061888
01/08/2019,138634.8998,62991.85645,75643.04334,28243.06811,47399.97523,41439.90247,11.83960635,10.63202365,11.05077661,11.23379398,10.24863874,10.76639808
01/08/2019,132147.2104,60031.56936,72115.64102,35793.15748,36322.48354,30357.45368,11.79167938,10.3208303,11.00264252,11.1860401,10.48553996,10.50021974
01/09/2019,113806.8,41900.9853,71905.81473,22782.50058,49123.31415,42186.98698,11.64226634,10.64989079,10.64308849,11.18312632,10.03379189,10.80210939
01/09/2019,120252.1336,45996.71205,74255.42159,34666.40213,39589.01946,32930.37468,11.69735425,10.40218112,10.73634694,11.21527954,10.4535551,10.58633233
01/09/2019,58381.20562,29892.59036,28488.61526,12469.63687,16018.97839,14175.39983,10.97476642,9.559333877,10.30539937,10.25729492,9.43113211,9.681591872
01/09/2019,186632.4925,79456.46988,107176.0226,34421.56718,72754.4554,53337.79116,12.13690204,10.88441913,11.28297719,11.58223716,10.44646765,11.19485917
01/09/2019,102425.9536,50888.54629,51537.40733,23221.33129,28316.07604,23111.97414,11.53690518,10.04814939,10.8374128,10.85008258,10.05286965,10.2512203
01/09/2019,101655.8783,38598.45563,63057.42264,27071.25748,35986.16515,25974.90718,11.52935848,10.16492474,10.56099345,11.05181692,10.20626477,10.49091763
01/09/2019,86164.76568,45658.82514,40505.94054,14040.613,26465.32754,19189.32093,11.36402823,9.862161313,10.72897409,10.60922861,9.549780557,10.18362855
01/09/2019,156380.9107,65529.37399,90851.5367,33042.8764,57808.66029,43991.34545,11.96005644,10.69177093,11.09026904,11.416993,10.40559155,10.96491117
01/09/2019,60788.88158,33149.13265,27639.74894,12487.96542,15151.78352,11282.46421,11.01517863,9.331093588,10.408802,10.22704637,9.432600767,9.625939525
01/09/2019,93783.14452,46108.58872,47674.5558,17266.73682,30407.81898,21347.04368,11.44875109,9.968715384,10.73877621,10.77217409,9.756595116,10.32248794
01/09/2019,148585.8056,45533.17436,103052.6313,39906.94862,63145.68266,51366.09787,11.90892462,10.84675313,10.72621841,11.54300482,10.5943308,11.0532156
01/10/2019,139206.0076,77998.9755,61207.03208,29918.92216,31288.10991,25487.30681,11.84371737,10.14597507,11.26446379,11.0220337,10.30627983,10.35102539
01/10/2019,59593.15578,34265.19637,25327.9594,8946.656921,16381.30248,13948.31278,10.99531279,9.543185523,10.44191462,10.13970366,9.09914698,9.703956914
01/10/2019,84875.5033,29583.57091,55291.93239,20815.75048,34476.18191,28788.51588,11.34895258,10.26776657,10.29500825,10.92040037,9.943513253,10.44805299
01/10/2019,123674.1435,60314.9472,63359.19631,21526.32087,41832.87544,36124.72399,11.7254136,10.49476047,11.00735181,11.05659112,9.977078146,10.64146171
01/10/2019,70965.7188,34545.40444,36420.31436,13140.03475,23280.27961,19576.064,11.1699663,9.882113956,10.45005876,10.50290944,9.483495037,10.05540487
01/10/2019,95602.00834,33179.2502,62422.75814,22178.46115,40244.29699,31652.28202,11.46795957,10.36259712,10.4097101,11.04170122,10.00692197,10.60274843
01/11/2019,155636.1108,70311.45794,85324.65283,32906.54818,52418.10465,41053.27697,11.95528236,10.6226503,11.16070427,11.35423042,10.40145734,10.8670264
01/11/2019,187208.3266,64344.59858,122863.728,40245.09157,82618.63641,65222.12755,12.13998266,11.0855694,11.07202381,11.71883926,10.60276817,11.32200266
01/11/2019,65291.3725,33349.04276,31942.32973,15218.32107,16724.00866,12155.26688,11.0866305,9.405600108,10.41481433,10.37171867,9.630321022,9.724660403
01/11/2019,132275.5149,44577.95919,87697.55567,29122.42348,58575.13219,42299.25685,11.79264982,10.65254844,10.70501726,11.38166071,10.27929806,10.97808259
01/11/2019,181782.171,56945.21834,124836.9527,40067.91011,84769.04259,67549.19433,12.11056989,11.12062622,10.94986256,11.7347718,10.598356,11.34769749
01/11/2019,165289.4165,78763.73837,86525.6781,39548.02499,46977.65311,38801.24806,12.01545931,10.56623346,11.27422069,11.36820806,10.58529632,10.75744859
01/11/2019,61001.5831,28654.08189,32347.5012,15519.54849,16827.95271,13917.00145,11.01867149,9.54093835,10.26308608,10.38432297,9.649920134,9.730856058
01/11/2019,155010.4502,82108.11705,72902.33317,36100.61654,36801.71662,30642.81071,11.95125427,10.33018599,11.31580434,11.19688964,10.49409292,10.51332694
01/12/2019,156003.2356,84016.32016,71986.91545,23556.90432,48430.01113,37711.87764,11.95763844,10.5377569,11.33877825,11.18425354,10.06721668,10.78789561
01/12/2019,127206.9378,52761.45122,74445.4866,35903.51019,38541.97641,29560.00048,11.75357833,10.29421122,10.87355507,11.21783585,10.4886182,10.55952917
01/12/2019,51773.9448,18556.85601,33217.08879,15258.8227,17958.26609,15689.89369,10.85466162,9.660835804,9.828648483,10.41084985,9.632978686,9.795861477
01/12/2019,146958.8552,46156.4902,100802.365,36888.91129,63913.45372,44782.01514,11.89791473,10.70958422,10.73981453,11.52092702,10.51569339,11.06530081
01/12/2019,133986.5248,49956.29741,84030.22736,38355.13623,45675.09113,32617.53124,11.80550198,10.39263585,10.81892387,11.33894376,10.5546698,10.72933027
01/12/2019,112993.1323,51097.24749,61895.88482,22190.02146,39705.86336,30896.36201,11.63509117,10.33842609,10.84150548,11.03322513,10.00744305,10.58927933
01/12/2019,199178.9631,85697.17256,113481.7905,41593.86362,71887.92688,55464.77234,12.20196403,10.92352139,11.35858678,11.63940648,10.63573197,11.18287752
01/12/2019,114129.3185,48779.5722,65349.74634,30976.29415,34373.45218,30272.45716,11.64509622,10.31802661,10.7950874,11.08752414,10.34100977,10.4450689
01/12/2019,122964.3794,47900.07227,75064.30716,24031.36638,51032.94078,39551.16403,11.71965813,10.58537569,10.77689317,11.22611378,10.0871568,10.8402462
01/01/2020,82741.69034,33749.90535,48991.78499,21148.93769,27842.8473,22554.93043,11.32349096,10.0237533,10.42676252,10.79942832,9.959392238,10.2343673
01/01/2020,132841.9166,44183.81582,88658.10077,31405.70284,57252.39793,44660.66993,11.79692263,10.70687092,10.69613648,11.39255397,10.35477662,10.95524227
01/01/2020,74367.54824,29113.74747,45253.80077,20063.45357,25190.3472,20047.05256,11.21678839,9.905887299,10.27900011,10.72006404,9.906705049,10.13425585
01/01/2020,198318.5857,104280.5925,94037.99315,34415.82135,59622.1718,50593.143,12.19763508,10.8315911,11.55485014,11.4514648,10.44630072,10.99579957
01/01/2020,87059.30171,50141.44385,36917.85786,11502.34514,25415.51272,17955.61803,11.37435628,9.795714019,10.82262311,10.51647775,9.350393153,10.14315435
01/01/2020,105325.1959,38499.15501,66826.04089,26307.02171,40519.01918,31450.96302,11.56481744,10.35621668,10.55841755,11.10986308,10.17762918,10.60955143
01/01/2020,57442.70619,20735.31066,36707.39552,16043.00535,20664.39018,16377.19626,10.95856072,9.703706233,9.939641581,10.51076077,9.68309056,9.936215608
01/02/2020,122735.3266,59811.08191,62924.24466,28276.39538,34647.84928,28317.8323,11.71779365,10.25128231,10.99896296,11.04970271,10.24981801,10.45301979
01/02/2020,186111.2901,90845.24192,95266.04819,36272.42886,58993.61933,43922.64955,12.13410548,10.69020817,11.41692371,11.46443926,10.49884076,10.98520152
01/02/2020,75326.48265,36987.45474,38339.02791,15813.05354,22525.97437,19167.81481,11.22960032,9.861040009,10.51836111,10.55424974,9.668654288,10.02246873
01/02/2020,139150.4387,71290.63611,67859.80262,30949.80772,36909.9949,27992.7958,11.84331811,10.23973819,11.17453429,11.12521387,10.34015438,10.51626475
01/02/2020,112700.3315,62875.91787,49824.41367,23806.85891,26017.55475,23113.41379,11.63249651,10.04821168,11.04893441,10.81628045,10.07777101,10.16656521
01/02/2020,143144.296,64655.71632,78488.57967,24331.56926,54157.01041,41835.15455,11.87161545,10.64151619,11.07684727,11.27072115,10.09957103,10.89966117
01/02/2020,51204.56622,19498.04049,31706.52573,10055.40486,21651.12087,16864.48834,10.84360352,9.733024703,9.878120538,10.36430934,9.21596501,9.982858691
01/03/2020,110539.2529,48989.25388,61549.99898,29991.32173,31558.67725,25579.89271,11.61313501,10.14960097,10.79937666,11.02762136,10.30869669,10.35963555
01/03/2020,67895.17809,35813.69385,32081.48424,11147.39383,20934.09041,15118.21319,11.12573502,9.623721611,10.48611353,10.3760655,9.319050716,9.949181997
01/03/2020,142035.9209,79699.60813,62336.31274,20108.39892,42227.91382,37789.51873,11.86384231,10.53981352,11.2860325,11.04031545,9.908942593,10.65086043
01/03/2020,147187.4597,50051.70708,97135.75262,43306.36902,53829.38361,41251.64476,11.89946908,10.62747051,10.82083187,11.48387509,10.67607808,10.89359334
01/03/2020,133169.4687,73925.08247,59244.38621,22383.99655,36860.38966,27101.62154,11.79938531,10.20738574,11.21082099,10.98944319,10.01614622,10.51491993
01/03/2020,147699.4316,50981.1968,96718.23476,45032.93372,51685.30104,41714.26914,11.90294139,10.63862251,10.83923177,11.47956757,10.71517157,10.85294806
01/03/2020,159449.8664,72531.82405,86918.04231,37102.59892,49815.44339,38200.63379,11.97949111,10.55063356,11.19179448,11.37273242,10.52146925,10.8161004
01/03/2020,130321.0214,70648.94774,59672.07365,18995.34009,40676.73356,31537.20886,11.77776375,10.35895507,11.16549265,10.99663617,9.852001613,10.61343613
01/03/2020,114030.1693,44628.82143,69401.34783,22626.84974,46774.49809,41818.66038,11.6442271,10.64112185,10.70615756,11.14767598,10.02693672,10.7531148
01/04/2020,137729.1615,54660.88164,83068.27981,30241.37568,52826.90414,46203.26981,11.8330517,10.74082749,10.90892188,11.32743024,10.31699939,10.87479482
01/04/2020,119901.6068,62596.6143,57304.99255,26508.4848,30796.50775,22612.6496,11.69443508,10.02630897,11.04448245,10.95616048,10.18525786,10.33518905
01/04/2020,110040.9776,43567.84616,66473.1314,24039.46654,42433.66486,35123.80119,11.60861719,10.46666275,10.68209764,11.10456815,10.0874938,10.65572087
01/04/2020,124331.7867,42670.01781,81661.76893,34954.47296,46707.29596,34061.66976,11.73071701,10.43595734,10.66127523,11.31035347,10.46183033,10.75167707
01/05/2020,162983.6967,65386.56605,97597.13062,35015.90944,62581.22117,51465.33076,12.00141159,10.8486831,11.0880874,11.48861362,10.46358635,11.04423651
01/05/2020,183606.0569,80209.47966,103396.5773,41202.18745,62194.38984,44148.77833,12.12055319,10.69534319,11.29240945,11.54633681,10.6262709,11.03803616
01/05/2020,131995.8576,62033.85429,69962.00332,23251.82293,46710.18038,35366.54807,11.7905334,10.47354996,11.03545167,11.15572186,10.05418182,10.75173882
01/06/2020,91229.68822,52630.65599,38599.03223,11975.47976,26623.55248,23465.5698,11.42114661,10.06333213,10.87107304,10.56100839,9.390699985,10.18958909
01/06/2020,77646.99737,24660.72489,52986.27248,20875.90147,32110.37101,26587.66257,11.25994104,10.18824018,10.11300772,10.87780702,9.946398634,10.37696548
01/06/2020,87555.44745,31409.10841,56146.33904,20716.29356,35430.04549,25183.80813,11.38003898,10.13399624,10.35488504,10.93573457,9.938724068,10.47534371
01/06/2020,175360.637,65010.30106,110350.336,33677.64741,76672.68857,61353.74637,12.07460562,11.02442781,11.0823164,11.61142452,10.42461931,11.24731389
01/06/2020,139789.0787,67072.29935,72716.77933,29443.322,43273.45733,31770.39927,11.84789714,10.36632177,11.11354132,11.19434119,10.29025637,10.67531784
01/06/2020,148914.2644,64755.07053,84159.19391,41437.04937,42722.14454,36552.11737,11.91113273,10.50652175,11.07838273,11.34047733,10.6319548,10.66249608
01/06/2020,168394.4346,69840.66238,98553.77223,31416.747,67137.02523,52754.66129,12.03407027,10.87342637,11.15398599,11.49836774,10.3551282,11.11450586
01/06/2020,120625.1893,64813.9512,55811.2381,23696.39061,32114.84749,25216.72102,11.7004517,10.13530224,11.07929158,10.92974845,10.07312022,10.37710488
01/06/2020,190528.3123,106766.3275,83761.98485,32209.14489,51552.83995,44589.84128,12.15756133,10.70528376,11.57840724,11.33574648,10.38003674,10.85038198
01/06/2020,141538.0504,81389.21245,60148.83796,23469.60606,36679.2319,27528.1203,11.86033093,10.22299964,11.3070103,11.00459403,10.06350411,10.50999325
01/07/2020,51141.13367,17763.51087,33377.6228,13192.85953,20184.76327,17125.59364,10.84236397,9.748387718,9.784957975,10.41567094,9.487506813,9.912732846
01/07/2020,185486.1046,57690.04886,127796.0558,43531.73397,84264.32181,61251.07657,12.13074064,11.02275303,10.96285731,11.75819878,10.68126844,11.34172569
01/07/2020,161441.2644,95737.34895,65703.91543,21983.8975,43720.01793,35581.61172,11.99190286,10.47961236,11.46937422,11.09292902,9.998111019,10.68558422
01/07/2020,139401.8614,55366.15419,84035.7072,40587.33272,43448.37448,31371.77876,11.8451233,10.35369588,10.92174181,11.33900897,10.61123593,10.67935173
01/07/2020,107247.5739,59735.6459,47511.92803,18669.33102,28842.59701,24185.00401,11.58290454,10.0935294,10.99770095,10.76875712,9.834690967,10.26964331
01/07/2020,63705.38987,23933.53081,39771.85906,13762.34492,26009.51414,22020.8341,11.06204015,9.999789699,10.0830775,10.59094003,9.529764172,10.16625613
01/07/2020,127626.739,66899.47347,60727.26549,28478.08542,32249.18007,27848.52575,11.75687302,10.23457122,11.11096132,11.01416453,10.25692525,10.38127891
01/08/2020,52651.51493,30219.56539,22431.94954,7279.521755,15152.42779,12489.16127,10.87146928,9.432696515,10.31627794,10.01828612,8.892957808,9.625982042
01/08/2020,147782.1752,67485.82115,80296.35407,32466.5078,47829.84627,34573.81503,11.90350145,10.45088081,11.11968762,11.29349195,10.38799511,10.77542603
01/08/2020,197587.4074,98061.31174,99526.09566,44724.7486,54801.34707,48820.00198,12.1939414,10.79591587,11.49335839,11.5081852,10.70830465,10.9114883
01/08/2020,83564.29928,27516.88884,56047.41044,26562.81905,29484.59139,24041.42498,11.33338363,10.08757526,10.22259158,10.93397107,10.18730538,10.291657
01/09/2020,96683.2783,46074.06996,50609.20833,17719.31488,32889.89345,27384.06337,11.47920609,10.21775301,10.7380273,10.83190858,9.782466994,10.4009511
01/09/2020,65973.6215,37557.64317,28415.97834,9856.54827,18559.43006,14887.06673,11.09702542,9.60831528,10.53365881,10.25474207,9.195992763,9.828787178
01/09/2020,176048.3528,89038.51354,87009.83925,27856.18792,59153.65133,43736.0006,12.07851965,10.68594972,11.39683552,11.37378798,10.23484631,10.9879105
01/09/2020,91015.08482,46816.50594,44198.57888,20262.59072,23935.98815,17646.81814,11.41879153,9.778367437,10.75401247,10.69647054,9.916580994,10.08318016
01/09/2020,71606.80994,30002.33934,41604.4706,17589.65968,24014.81092,18723.39388,11.17895942,9.837582438,10.30906397,10.63598694,9.77512334,10.08646768
01/09/2020,70105.37066,29123.30333,40982.06733,20155.91324,20826.15408,16847.83961,11.15776895,9.732037067,10.27932827,10.62091427,9.911302598,9.944012899
01/09/2020,173678.5074,63588.28836,110090.2191,50511.18716,59579.03191,46872.45857,12.06496697,10.75520688,11.06020031,11.60906457,10.82996992,10.99507576
01/09/2020,186530.9342,84234.89664,102296.0376,47415.86857,54880.169,40028.88382,12.13635773,10.59738155,11.34137644,11.53563599,10.76673332,10.91292556
01/09/2020,149467.9834,83119.12336,66348.85999,27988.95221,38359.90779,31251.40157,11.91484418,10.3498515,11.32804211,11.10269693,10.23960087,10.55479419
01/09/2020,195224.3963,65950.00489,129274.3914,48593.11212,80681.27924,68759.51176,12.18191005,11.1383849,11.0966674,11.76970022,10.79125765,11.29827424
01/09/2020,147157.7684,74160.61837,72997.15007,29628.26734,43368.88273,35999.95219,11.89926734,10.49130067,11.21400202,11.19818938,10.29651791,10.67752053
01/09/2020,136805.7516,64249.63924,72556.11236,23366.99217,49189.12019,36565.19441,11.82632464,10.50687944,11.07054695,11.19212929,10.05912251,10.80344807
01/09/2020,66109.73736,36809.57173,29300.16564,8832.879626,20467.28601,17867.84638,11.09908645,9.79081405,10.51354036,10.28538258,9.086349566,9.926631943
01/10/2020,80057.52384,47617.05356,32440.47028,9930.314712,22510.15557,16675.14679,11.29051319,9.721734641,10.77096724,10.38719283,9.203448146,10.02176627
01/10/2020,183580.957,91801.75586,91779.20113,37421.70568,54357.49545,48873.06834,12.12041648,10.79700224,11.4273976,11.42715188,10.5300329,10.90335619
01/10/2020,75448.68542,30582.75249,44865.93293,16203.96955,28661.96339,21977.7486,11.23122129,9.997831293,10.32822418,10.71145634,9.693073236,10.26336109
01/10/2020,190504.8085,75729.17839,114775.6301,39691.88279,75083.7473,66156.98058,12.15743796,11.09980081,11.23493202,11.65074317,10.58892718,11.22637272
01/10/2020,61991.42253,27698.32445,34293.09807,12354.35737,21938.7407,16849.26852,11.03476744,9.732121872,10.2291633,10.44272855,9.421845043,9.996054915
01/11/2020,123006.7906,50492.47517,72514.31538,31334.7936,41179.52177,31410.23327,11.72000297,10.35492086,10.8295994,11.19155307,10.35251629,10.62572065
01/11/2020,115142.8978,36113.91414,79028.98362,26441.43737,52587.54625,45511.90331,11.65393791,10.72575115,10.49446119,11.2775826,10.18272547,10.87025362
01/11/2020,86764.33121,49089.09195,37675.23926,13186.28613,24488.95313,17713.58918,11.37096241,9.782143827,10.8014125,10.53678492,9.487008472,10.10601824
01/11/2020,51081.07932,18267.61992,32813.45941,10517.98215,22295.47725,15833.35989,10.84118902,9.669937534,9.812940108,10.39862453,9.260936728,10.01218397
01/11/2020,134175.6334,71262.83569,62912.79774,31113.0111,31799.78664,27808.06421,11.80691237,10.2331173,11.17414426,11.04952078,10.34541351,10.36724631
01/11/2020,84019.52523,34163.8245,49855.70072,22971.58824,26884.11249,22014.7453,11.3388164,9.999513172,10.43895187,10.81690818,10.04205697,10.19932797
01/11/2020,172137.7117,96661.43211,75476.27959,23211.91467,52264.36492,43846.32839,12.05605589,10.68846907,11.47898011,11.23158696,10.05246407,10.86408919
01/11/2020,166125.5843,74385.99905,91739.5852,42693.04232,49046.54288,36885.8758,12.02050533,10.5156111,11.21703646,11.42672015,10.66181467,10.80054537
01/11/2020,138907.8786,48674.44324,90233.43534,27579.82617,62653.60917,54796.20788,11.84157345,10.91139452,10.79292994,11.4101664,10.22487611,11.04539253
01/12/2020,175794.4233,97219.29462,78575.12872,37735.57512,40839.5536,29449.02601,12.07707623,10.29045007,11.48473476,11.27182323,10.53838507,10.61743083
01/12/2020,86424.16912,32508.594,53915.57512,23099.65145,30815.92368,25075.93607,11.36703422,10.12970382,10.38929052,10.89519323,10.0476161,10.33581929
01/12/2020,68806.67342,36373.28587,32433.38755,11401.38857,21031.99898,15666.04116,11.13907055,9.659314496,10.50161737,10.38697448,9.341578136,9.953847863
01/12/2020,100018.0806,31816.03469,68202.04588,28921.4939,39280.55198,30477.96258,11.51311625,10.32479197,10.36775711,11.1302445,10.27237491,10.57851027
01/12/2020,182350.7248,77013.95923,105336.7656,44427.71179,60909.05379,44052.77668,12.11369265,10.69316636,11.25175496,11.56492728,10.7016412,11.01715353
01/12/2020,62047.52007,27811.28654,34236.23352,12591.02273,21645.21079,18097.72361,11.03567194,9.803596696,10.23323316,10.44106903,9.440818776,9.982585697
01/01/2021,87686.34792,46579.59623,41106.75169,20300.74747,20806.00422,15713.02401,11.3815329,9.662308841,10.74893934,10.62395199,9.918462244,9.94304495
01/01/2021,150308.5238,56883.74857,93424.77522,35009.95408,58414.82114,43374.85166,11.92045194,10.67765815,10.94878254,11.44492255,10.46341627,10.97534204
01/01/2021,191420.8976,71736.80552,119684.0921,44815.42688,74868.66524,59887.05293,12.16223516,11.00023231,11.18077316,11.69261934,10.71033002,11.22350408
01/01/2021,98248.44704,52617.57311,45630.87393,22715.55999,22915.31395,18198.82807,11.4952649,9.809167426,10.87082444,10.72836174,10.03084945,10.03960434
01/01/2021,97402.7891,48315.50197,49087.28714,17915.57732,31171.70982,21965.60446,11.48662039,9.9972786,10.78552844,10.80137573,9.79348167,10.34729831
01/01/2021,73853.39439,26009.75923,47843.63516,16860.6703,30982.96487,27281.02373,11.20985079,10.21398329,10.16626555,10.77571427,9.732798295,10.34122509
01/01/2021,77083.69106,25008.59541,52075.09565,20922.49991,31152.59574,22579.41844,11.25265998,10.02483837,10.12701485,10.86046131,9.948628204,10.34668495
01/01/2021,151520.081,77452.39703,74067.68401,31046.59837,43021.08563,35564.49307,11.92848004,10.47913115,11.25743171,11.2127481,10.34327674,10.66946888
01/02/2021,53030.99582,20256.41516,32774.58066,11171.37006,21603.21061,18258.10524,10.87865071,9.812419152,9.916276186,10.39743903,9.32119905,9.98064351
01/02/2021,126017.7171,49377.24208,76640.47506,31052.78635,45587.68871,39479.00167,11.74418572,10.58354954,10.80726516,11.24689366,10.34347602,10.72741491
01/02/2021,114820.639,47424.52007,67396.11892,24436.29263,42959.82629,35413.94154,11.65113524,10.47488909,10.76691576,11.11835755,10.10386563,10.66804396
01/02/2021,104763.0122,35462.82984,69300.18241,29046.3606,40253.82181,30511.26878,11.5594656,10.32588414,10.47626858,11.14621725,10.2766829,10.60298507
01/02/2021,182065.029,95539.66971,86525.35927,40913.46443,45611.89484,37431.4061,12.1121247,10.53029208,11.4673073,11.36820438,10.61923893,10.72794574
01/02/2021,70070.58525,36221.19165,33849.39359,15626.17588,18223.21771,14067.66051,11.15727264,9.551704944,10.49742724,10.42970591,9.656766721,9.810506632
01/03/2021,54388.37704,28344.87238,26043.50466,9713.06683,16330.43783,14427.62757,10.90392414,9.576969537,10.2522367,10.16756207,9.181330303,9.700847231
01/03/2021,105680.6258,59649.43679,46031.18897,15668.36213,30362.82684,22718.60902,11.56818632,10.03098366,10.99625675,10.73709619,9.659462628,10.32100727
01/03/2021,57744.70366,23749.88099,33994.82267,11042.39582,22952.42685,16661.86881,10.96380423,9.720938098,10.0753749,10.43399293,9.309587865,10.04122252
01/03/2021,127421.7346,73332.21308,54089.52151,21646.20196,32443.31955,24787.22693,11.75526546,10.1181241,11.2027689,10.89841425,9.982631485,10.38728065
01/03/2021,117057.6611,35746.74323,81310.91787,34280.87272,47030.04515,40949.7692,11.67043047,10.62012587,10.48424242,11.30604788,10.442372,10.7585632
01/03/2021,141817.8893,83160.07907,58657.81021,25484.90905,33172.90115,24251.51136,11.86230609,10.09627545,11.32853472,10.97949306,10.14588099,10.40951874
01/03/2021,136539.3206,50131.10686,86408.21372,40001.85403,46406.3597,32806.2979,11.82437524,10.39840627,10.82241694,11.36684959,10.59670608,10.74521334
01/03/2021,98673.02189,49175.15549,49497.8664,14934.53614,34563.33026,24205.38602,11.49957699,10.09437176,10.80316414,10.80970505,9.611498628,10.45057751
01/03/2021,122216.111,71452.14397,50763.96701,17732.50896,33031.45804,23241.68851,11.71355434,10.05374589,11.17679718,10.83496177,9.783211291,10.40524593
01/04/2021,172614.2584,71729.88595,100884.3725,36228.66124,64655.71126,46517.45759,12.05882046,10.74760445,11.1806767,11.52174023,10.49763343,11.07684719
01/04/2021,124022.174,44981.54412,79040.62992,34094.72238,44945.90754,34556.54968,11.72822371,10.45038132,10.71402978,11.27772995,10.43692721,10.71323724
01/04/2021,157041.5886,76862.65476,80178.93379,25322.158,54856.77579,43960.85675,11.96427231,10.69107764,11.24978841,11.29202856,10.13947459,10.91249922
01/04/2021,137251.1045,70156.63238,67094.47216,20885.3116,46209.16056,36320.46823,11.82957469,10.50016426,11.15849988,11.11387184,9.946849276,10.74095498
01/04/2021,64767.8955,29825.74229,34942.15321,13709.71293,21232.44028,18837.30759,11.07858076,9.843647714,10.30316066,10.46147783,9.525932772,9.96333259
01/04/2021,105284.655,52799.44882,52485.20619,21147.73438,31337.4718,24831.14535,11.56443246,10.11989428,10.87427497,10.86830567,9.959335343,10.35260175
01/05/2021,166431.623,86650.4075,79781.21545,35123.92319,44657.29227,37928.88877,12.02234584,10.5434947,11.36964854,11.28705589,10.46666622,10.70679529
01/05/2021,143118.8434,71215.85448,71902.98891,28504.56818,43398.42073,37152.01913,11.87143762,10.52280032,11.17348479,11.18308702,10.25785472,10.67820137
01/05/2021,69393.85774,35534.0689,33859.78884,15734.12216,18125.66668,15659.91353,11.14756805,9.658923303,10.47827534,10.43001295,9.663650573,9.80513943
01/05/2021,162613.8087,50488.92072,112124.888,47771.10438,64353.78361,48651.7164,11.99913955,10.79246292,10.82952901,11.62737752,10.77419716,11.07216655
01/06/2021,111424.0342,36646.20876,74777.82542,25872.97777,48904.84765,43870.11079,11.6211073,10.68901131,10.50909255,11.22229004,10.16099302,10.79765225
01/06/2021,154238.3851,52668.63257,101569.7525,47226.72835,54343.02413,46559.78912,11.94626112,10.74851403,10.87179434,11.5285109,10.76273646,10.90308993
01/06/2021,163025.7327,96817.27635,66208.45637,28966.62027,37241.8361,31446.49288,12.00166947,10.35607454,11.48059106,11.10057858,10.27393394,10.52521489
01/06/2021,71939.35698,30894.06961,41045.28737,20328.21865,20717.06872,14788.87053,11.18359268,9.601697802,10.33835189,10.62245567,9.919814473,9.938761483
01/07/2021,83887.51243,40068.72283,43818.7896,20374.25722,23444.53238,20170.27539,11.33724396,9.912014861,10.59837629,10.68784081,9.922076562,10.06243524
01/07/2021,120169.5986,63140.36071,57029.23792,22786.46733,34242.77059,30622.61081,11.69666767,10.32952659,11.05313131,10.9513369,10.03396599,10.44125995
01/07/2021,143940.7062,45095.27521,98845.43103,33088.18002,65757.25101,55726.56971,11.87716368,10.92823027,10.71655493,11.50132272,10.40696162,11.09374043
01/07/2021,142007.8021,83150.57458,58857.22753,24019.41333,34837.81419,27226.1387,11.86364432,10.2119695,11.32842042,10.98288691,10.0866593,10.45848739
01/07/2021,156906.4401,87253.99477,69652.4453,30230.00344,39422.44187,29084.36679,11.96341136,10.27799047,11.37659009,11.15128744,10.31662328,10.58211589
01/07/2021,70017.72604,35267.53814,34750.1879,17344.0292,17406.15871,15157.72183,11.156518,9.626331344,10.47074657,10.45596903,9.761061243,9.764636821
01/07/2021,113281.6528,48084.88166,65196.77114,32070.7893,33125.98185,28420.79668,11.63764133,10.25491162,10.78074389,11.08518056,10.37573208,10.40810339
01/08/2021,115086.9414,52665.68829,62421.25311,23656.55136,38764.70176,27862.76152,11.65345182,10.23508225,10.87173843,11.04167711,10.07143764,10.56529116
01/08/2021,133518.0523,72107.1999,61410.85243,22671.39468,38739.45774,32085.63509,11.80199946,10.37619487,11.18592305,11.02535813,10.02890337,10.56463975
01/08/2021,96562.72205,47751.15622,48811.56583,16148.24205,32663.32378,28507.55194,11.4779584,10.25795939,10.7737795,10.79574306,9.689628396,10.39403875
01/08/2021,137827.4951,71254.97276,66572.52232,30572.49572,36000.0266,25653.41119,11.8337654,10.15247081,11.17403392,11.10606221,10.32788876,10.49130273
01/08/2021,129717.9425,53269.39264,76448.54987,24212.21359,52236.33627,42427.0361,11.77312541,10.65556465,10.88313597,11.24438632,10.09465378,10.86355277
01/08/2021,71828.36107,21839.9851,49988.37597,18682.79475,31305.58121,25070.47039,11.1820486,10.12948584,9.991543534,10.81956578,9.835411836,10.35158362
01/09/2021,148381.1769,47253.25656,101127.9203,41157.94355,59969.97677,52665.1444,11.9075465,10.87172811,10.76329801,11.52415142,10.62519652,11.001616
01/09/2021,98707.81937,52410.64395,46297.17541,20032.24824,26264.92718,19035.60436,11.49992958,9.85411895,10.86688406,10.74285783,9.905148584,10.17602783
01/09/2021,191913.4294,98913.31848,93000.11096,40310.12262,52689.98834,43455.35084,12.16480487,10.67951228,11.50200928,11.44036672,10.60438271,10.87219972
01/09/2021,121898.4917,51993.70898,69904.78274,29274.87936,40629.90338,28579.33828,11.71095215,10.26047429,10.85889724,11.15490365,10.28451923,10.61228422
01/09/2021,81975.94139,28666.41864,53309.52275,24515.24732,28794.27543,24482.13676,11.31419328,10.10573986,10.26351652,10.88388902,10.10709133,10.26796661
01/09/2021,59109.02399,32687.56704,26421.45695,12155.81998,14265.63697,12543.07134,10.9871558,9.43700343,10.39478066,10.18196957,9.405645607,9.565679011
01/09/2021,101235.1714,31944.58995,69290.58146,31794.09845,37496.48301,33241.95613,11.5252114,10.41159818,10.37178942,11.1460787,10.36706742,10.53202909
01/09/2021,82096.07336,41756.9484,40339.12496,17535.07107,22804.05389,18561.20408,11.31565765,9.828882754,10.63964509,10.60510191,9.772015243,10.03473745
01/09/2021,127896.373,53137.18049,74759.19253,33773.73748,40985.45505,29145.80613,11.75898345,10.28010062,10.88065098,11.22204084,10.42746839,10.62099693
01/09/2021,153390.5573,52222.67148,101167.8858,34438.68887,66729.19695,52731.99076,11.94074913,10.87299655,10.86329115,11.52454654,10.44696492,11.10841286
01/09/2021,110416.6031,43034.36262,67382.24047,29668.09781,37714.14265,27442.27232,11.61202485,10.21987633,10.66977744,11.11815161,10.29786131,10.53781695
01/10/2021,148993.5718,46216.54128,102777.0305,31956.2418,70820.7887,62713.07311,11.91166515,11.04634115,10.74111469,11.5403269,10.37215409,11.16792198
01/10/2021,172083.2275,52100.48475,119982.7428,43844.63333,76138.10944,64290.27383,12.05573933,11.07117919,10.86094873,11.69511154,10.68843041,11.24031733
01/11/2021,154020.7408,53659.49538,100361.2454,46006.742,54354.50345,40751.83806,11.94484905,10.61528076,10.89043236,11.51654137,10.73656497,10.90330115
01/11/2021,161196.0795,81130.58777,80065.4917,36316.60184,43748.88986,34776.42046,11.99038299,10.45672362,11.30382766,11.29061271,10.5000578,10.68624437
01/11/2021,185492.0697,110146.793,75345.27661,35161.96271,40183.3139,29469.77452,12.1307728,10.29115436,11.60957832,11.22984979,10.46774861,10.601232
01/11/2021,179246.4967,63363.66438,115882.8323,56883.05548,58999.77682,51228.71757,12.09652279,10.84407506,11.05666164,11.66034352,10.94877036,10.98530589
01/11/2021,160954.3089,82230.06619,78724.24267,37699.27705,41024.96562,32684.49203,11.98888202,10.39468659,11.31728844,11.27371913,10.53742272,10.62196045
01/11/2021,85932.59957,40215.23118,45717.36839,19684.51875,26032.84964,20487.25352,11.36133018,9.927607002,10.60202595,10.73025543,9.887638556,10.16715288
01/11/2021,150668.8851,76507.4761,74161.40901,28817.30495,45344.10406,33753.88224,11.92284653,10.42688034,11.24515681,11.21401268,10.26876605,10.72205749
01/11/2021,147552.3034,66767.64707,80784.65631,30246.70067,50537.95564,44341.12272,11.90194477,10.69969036,11.10898889,11.29955471,10.31717545,10.83049972
01/12/2021,119998.7437,70334.25112,49664.49259,20536.80244,29127.69015,22229.55856,11.69524489,10.00922313,11.16102839,10.81306566,9.930022488,10.27947888
01/12/2021,194188.5044,71648.33246,122540.1719,52906.47598,69633.69595,50246.30687,12.17658979,10.82471223,11.17953912,11.71620235,10.87629993,11.15101823
01/12/2021,92894.32162,53675.15647,39219.16515,14445.23728,24773.92787,18671.27651,11.43922856,9.834795163,10.89072417,10.57694631,9.578189264,10.11758745
01/12/2021,175450.145,90871.88383,84578.26118,32339.47648,52238.78471,40720.0689,12.07511591,10.6145009,11.41721693,11.34544438,10.38407487,10.86359964
01/12/2021,165800.6789,82902.56976,82898.10916,41144.44723,41753.66193,29338.28334,12.01854765,10.28668263,11.3254334,11.3253796,10.62486856,10.63956639
01/12/2021,163651.5938,85612.20882,78039.38499,29445.00167,48594.38332,38999.46825,12.00550113,10.57132893,11.35759486,11.26498173,10.29031341,10.79128381
01/12/2021,87610.23634,36053.11218,51557.12415,20682.65757,30874.46658,23527.27566,11.38066454,10.0659582,10.49277621,10.85046507,9.937099178,10.33771719
01/12/2021,194364.8981,96344.25148,98020.64667,32746.36572,65274.28096,56413.59367,12.17749773,10.94048316,11.47569339,11.49294362,10.3965778,11.0863687
01/01/2022,108661.1456,59099.69272,49561.45292,23052.25914,26509.19379,20789.10197,11.59599877,9.942232285,10.98699792,10.81098883,10.04556243,10.18528461
01/01/2022,164731.5939,50747.36316,113984.2307,48143.06122,65841.16952,51780.84503,12.0120788,10.85479488,10.83463464,11.64382416,10.78195307,11.09501579
01/01/2022,138502.372,50085.60977,88416.7622,30385.43983,58031.32237,41243.28646,11.83864995,10.62726787,10.82150898,11.38982816,10.32175173,10.96875542
01/01/2022,102332.5894,45545.3399,56787.24945,25966.25089,30820.99856,24405.95949,11.53599324,10.1026236,10.72648555,10.94708471,10.16459144,10.33598395
01/01/2022,114501.9929,66897.83755,47604.15531,19848.4731,27755.68221,21481.94096,11.64835624,9.975014455,11.11093687,10.77069634,9.895932742,10.23123189
01/01/2022,87395.71515,45958.16834,41437.54682,18588.78563,22848.76118,16347.84785,11.37821298,9.701912706,10.73550864,10.63196681,9.830367549,10.03669594
01/01/2022,192704.5445,58772.90372,133931.6408,42364.03592,91567.60486,76698.96406,12.16891863,11.24765652,10.98145322,11.80509227,10.65407868,11.42484375
01/01/2022,127563.9351,43095.015,84468.9201,34899.50224,49569.41785,43653.85698,11.75638081,10.68406983,10.67118581,11.34415077,10.4602565,10.81114952
01/01/2022,152091.7289,56553.86925,95537.85969,35351.26754,60186.59216,48644.04923,11.93224567,10.79230532,10.94296658,11.46728835,10.47311781,11.0052215
01/01/2022,105615.2482,35001.85094,70613.39722,31343.74516,39269.65206,35025.73715,11.5675675,10.46386697,10.46318479,11.16498933,10.35280191,10.57823275
01/02/2022,66769.97264,31827.50666,34942.46597,13391.11742,21551.34855,17010.7143,11.10902372,9.741657462,10.3681176,10.46148678,9.502421561,9.978240071
01/02/2022,112264.9116,54344.19556,57920.71605,28285.00395,29635.7121,24685.8256,11.62862555,10.114025,10.90311149,10.96684765,10.2501224,10.29676915
01/02/2022,81639.52277,45226.60007,36412.9227,12106.68535,24306.23735,21477.36113,11.31008102,9.974801248,10.7194628,10.50270647,9.401595683,10.09852942
01/02/2022,117960.5805,49439.17653,68521.40395,24912.83281,43608.57114,32461.75338,11.67811426,10.38784866,10.80851866,11.13491604,10.12317846,10.68303193
01/02/2022,103076.5055,42187.39084,60889.11465,24555.71869,36333.39596,32660.58626,11.54323646,10.39395493,10.64990036,11.01682612,10.10874077,10.50052012
01/02/2022,116087.4071,51791.6932,64295.71386,21438.93709,42856.77677,31861.77838,11.66210731,10.36919379,10.85500436,11.0712638,9.973010681,10.6656424
01/02/2022,113971.1202,47162.87876,66808.24141,25511.69713,41296.54428,36773.17521,11.64370914,10.51255112,10.7613836,11.10959669,10.14693153,10.62855832
01/02/2022,149137.7395,55207.97843,93929.76108,39185.21833,54744.54276,49036.95932,11.91263229,10.80034996,10.91888087,11.45031321,10.57608039,10.91045123
01/03/2022,169081.8881,94677.34238,74404.54568,25721.66247,48682.88322,38110.79171,12.03814434,10.54827901,11.45824056,11.21728576,10.15512769,10.79310331
01/03/2022,190483.1978,77143.52321,113339.6746,34651.38543,78688.28917,56199.81744,12.15732452,10.93668658,11.25343587,11.63815338,10.45312185,11.27326233
01/03/2022,68370.58243,22055.57667,46315.00576,23127.99567,23187.0101,20114.31202,11.13271256,9.909236596,10.0013661,10.74324288,10.04884233,10.05139062
01/03/2022,117403.0726,61106.75687,56296.31576,23747.64382,32548.67194,25228.78878,11.67337688,10.13578067,11.02039409,10.93840214,10.07528071,10.39052257
01/03/2022,61616.47393,23798.37925,37818.09468,12714.34595,25103.74873,18946.60687,11.02870078,9.849432916,10.07741478,10.5405694,9.450564885,10.1308123
01/04/2022,155429.4547,71822.75944,83606.69524,28015.61669,55591.07855,48858.77641,11.95395367,10.79670977,11.18197061,11.33389084,10.24055307,10.925796
01/04/2022,162868.0191,67621.84682,95246.17226,40346.38015,54899.79211,41441.87749,12.00070159,10.63207131,11.12170118,11.4642306,10.60528174,10.91328306
01/04/2022,181768.3587,104514.3496,77254.00913,28612.27574,48641.7334,41798.05332,12.1104939,10.64062897,11.55708923,11.25486704,10.26162608,10.79225771
01/04/2022,150499.8345,55853.26941,94646.56512,43389.4691,51257.09602,41993.91048,11.92172391,10.64530371,10.93050125,11.45791543,10.67799509,10.84462886
01/04/2022,132079.1563,59338.96747,72740.18884,35662.71893,37077.4699,30126.23556,11.79116426,10.31318488,10.99103835,11.19466306,10.48188917,10.52079175
01/04/2022,60224.45369,23404.45727,36819.99642,17255.93922,19564.0572,17497.17488,11.00585036,9.769851862,10.06072449,10.51382352,9.755969615,9.881500458
01/04/2022,132487.7845,56242.80305,76244.98142,24731.85455,51513.12687,42643.32229,11.79425328,10.66064942,10.93745115,11.24171999,10.11588778,10.84961136
01/05/2022,110013.3758,59442.97616,50570.39959,23533.98127,27036.41832,22874.77769,11.60836632,10.03783389,10.99278957,10.83114147,10.06624316,10.20497705
01/05/2022,145627.6966,54918.27557,90709.42106,29428.68987,61280.73119,52951.61866,11.88881549,10.87715281,10.91361967,11.41542753,10.2897593,11.02323705
01/05/2022,70812.35284,32391.77909,38420.57375,13162.01985,25258.5539,21972.05113,11.16780286,9.997572033,10.38569081,10.5563744,9.48516665,10.13695974
01/05/2022,60443.16643,32622.98369,27820.18274,10847.03323,16973.14951,14825.15314,11.00947535,9.604148005,10.39280299,10.23355298,9.291739073,9.739446849
01/05/2022,180318.2298,79935.64761,100382.5822,46183.64169,54198.9405,39315.51543,12.10248406,10.57939995,11.2889897,11.51675395,10.74040259,10.90043509
01/05/2022,179240.4782,57042.10572,122198.3725,46950.57295,75247.79955,54990.48227,12.09648922,10.91493358,10.9515625,11.71340919,10.75687199,11.22855523
01/05/2022,106346.3489,62495.67922,43850.66966,21273.53547,22577.13419,17066.60267,11.57446589,9.744937365,11.0428687,10.68856807,9.965266119,10.0247372
01/06/2022,84029.94433,27918.13593,56111.8084,20452.66788,35659.14052,29300.97208,11.33894039,10.2854101,10.23706761,10.93511938,9.925917504,10.48178883
01/06/2022,127988.61,44959.22367,83029.38637,39584.38554,43445.00084,34869.99386,11.75970437,10.45941064,10.71353346,11.32696192,10.58621528,10.67927409
01/06/2022,153993.3611,55633.47763,98359.8835,35568.91309,62790.97041,52772.83823,11.94467126,10.87377086,10.92655839,11.49639848,10.47925542,11.04758248
01/06/2022,189675.7992,101389.8639,88285.93534,36678.77106,51607.16428,40010.97635,12.15307685,10.5969341,11.52673827,11.38834742,10.50998068,10.85143516
01/06/2022,108875.834,42216.20173,66659.63231,31424.40024,35235.23207,25487.65243,11.59797256,10.14598863,10.65058304,11.10736984,10.35537177,10.46983015
01/06/2022,104967.4021,31694.16214,73273.23992,22451.45846,50821.78146,42823.04288,11.56141465,10.66485497,10.36391933,11.20196439,10.0191554,10.83609999
01/06/2022,197668.0041,87900.24502,109767.7591,49517.92555,60249.83357,42939.69053,12.19434921,10.66757515,11.38396925,11.60613124,10.81011021,11.00627169
01/07/2022,77115.89558,28330.54833,48785.34725,17218.29853,31567.04872,27969.93499,11.25307767,10.23892121,10.25173124,10.79520578,9.753786041,10.35990077
01/07/2022,179122.8227,83977.98795,95144.83476,44006.59326,51138.2415,43407.97382,12.09583259,10.67842147,11.3383219,11.4631661,10.69211747,10.84230742
01/08/2022,73162.76904,22093.47881,51069.29023,19233.7919,31835.49832,23610.82092,11.20045562,10.06950275,10.00308303,10.8409582,9.864475996,10.36836866
01/08/2022,73785.09082,26054.37223,47730.71859,21815.06162,25915.65697,22004.5843,11.20892552,9.999051532,10.16797925,10.77335142,9.990401749,10.16264117
01/08/2022,85827.0175,35013.36642,50813.65107,18903.64257,31910.00851,28698.52969,11.36010078,10.26463601,10.46351373,10.83594,9.847162809,10.37070632
01/08/2022,149636.8397,76874.84117,72761.99854,23675.03936,49086.95918,37996.0651,11.91597325,10.5452642,11.24994695,11.19496284,10.07221882,10.80136905
01/08/2022,50533.81155,16324.11358,34209.69797,16939.01542,17270.68254,13478.04431,10.83041772,9.508891485,9.700459912,10.44029368,9.737433879,9.756823592
01/09/2022,61333.47397,18806.88029,42526.59368,21164.43853,21362.15514,16130.12277,11.02409735,9.688505776,9.842031225,10.65790841,9.960124873,9.969422995
01/09/2022,115300.1509,67573.59125,47726.55965,15995.21779,31731.34187,24400.41879,11.65530269,10.10239656,11.12098732,10.77326428,9.680107585,10.36509169
01/09/2022,58404.16257,26766.14765,31638.01493,10196.79516,21441.21977,18762.28211,10.97515957,9.83965716,10.19493058,10.36214629,9.229926815,9.973117144
01/09/2022,134855.83,66321.95813,68533.87188,27920.22932,40613.64256,36390.35481,11.81196898,10.50208652,11.10229139,11.13509797,10.23714259,10.61188393
01/09/2022,93584.33575,46584.13966,47000.1961,16060.95981,30939.23628,24650.20916,11.44662898,10.11258123,10.74903688,10.75792833,9.684209011,10.33981276
01/09/2022,120121.8446,59707.72059,60414.12399,27914.98895,32499.13504,28491.75879,11.6962702,10.25740526,10.99723336,11.00899475,10.23695488,10.38899952
01/09/2022,75163.26546,27012.59104,48150.67443,17482.24777,30668.42665,22648.13296,11.2274312,10.02787685,10.20409539,10.78211119,9.768998431,10.33102156
01/09/2022,62599.25314,31317.92978,31281.32336,15100.92087,16180.40249,13939.12838,11.0445246,9.542526894,10.35197798,10.35080847,9.622577224,9.691617867
01/09/2022,193642.2072,85088.1168,108554.0904,47651.77004,60902.3204,48006.59186,12.17377261,10.77911444,11.35145442,11.59501307,10.77169604,11.01704297
01/09/2022,108249.2297,35510.87771,72738.35199,30866.7245,41871.62749,31320.15012,11.59220077,10.35204887,10.4776225,11.19463781,10.3374664,10.64238761
01/09/2022,121384.8308,49179.80857,72205.0222,32763.04581,39441.97639,29672.04507,11.70672944,10.29799434,10.80325876,11.18727873,10.39708703,10.58261127
01/09/2022,165756.7664,90751.07097,75005.69545,28555.29011,46450.40534,36253.721,12.01828276,10.49832489,11.41588657,11.22533266,10.25963251,10.746162
01/10/2022,71435.98787,38590.39483,32845.59304,13163.18274,19682.41029,16482.22767,11.17657105,9.710098638,10.5607846,10.39960331,9.485254992,9.887531443
01/10/2022,62275.93666,24475.63656,37800.3001,18414.62962,19385.67048,13574.21584,11.03934644,9.516001045,10.10547433,10.54009878,9.820955019,9.87234102
01/10/2022,173173.6166,67365.71316,105807.9034,45369.17188,60438.73151,47636.43663,12.06205571,10.77137421,11.1179063,11.56938995,10.72261016,11.00940197
01/11/2022,194978.1296,75731.13811,119246.9914,55114.11683,64132.87462,47711.46699,12.1806478,10.77294801,11.23495789,11.68896057,10.91717931,11.06872797
01/11/2022,172443.6039,79063.02817,93380.57571,36225.14336,57155.43235,48865.60943,12.05783133,10.79684961,11.27801329,11.44444934,10.49753633,10.95354721
01/11/2022,187939.0457,95976.71174,91962.33393,40992.53732,50969.79661,45507.43045,12.14387828,10.72565287,11.47187127,11.42914523,10.62116971,10.83900813
01/11/2022,182259.4103,61243.60297,121015.8073,54870.15653,66145.65081,56210.57102,12.11319177,10.9368779,11.02263101,11.70368472,10.91274311,11.09962954
01/11/2022,78719.30627,34093.3619,44625.94437,17607.45606,27018.48831,23132.2064,11.27365642,10.04902437,10.43688731,10.70609309,9.776134524,10.20431367
01/12/2022,109013.6092,33849.33421,75164.27498,32792.33328,42371.9417,30341.13544,11.59923718,10.32029263,10.42970415,11.22744463,10.39798052,10.65426527
01/12/2022,91839.76901,36044.42438,55795.34463,21235.55689,34559.78774,30362.85408,11.42781158,10.32100817,10.49253521,10.92946364,9.963479357,10.45047502
01/12/2022,182900.8334,64051.76601,118849.0674,51167.30179,67681.76561,60576.32822,12.11670486,11.01167598,11.06746249,11.68561804,10.84287551,11.12258686
01/12/2022,152125.8688,63885.20337,88240.66544,43532.24264,44708.4228,33220.79825,11.93247011,10.41096151,11.06485871,11.38783453,10.68128012,10.70793956
01/12/2022,73972.25528,44074.15538,29898.09991,10181.21643,19716.88347,14800.99238,11.21145889,9.602517071,10.69365153,10.30558366,9.228397991,9.889281293
01/12/2022,141910.6709,60667.71962,81242.95123,26371.7292,54871.22203,44440.01162,11.86296011,10.70191801,11.01318352,11.30521165,10.18008577,10.91276253
01/12/2022,177879.7636,81299.67921,96580.08435,38941.71506,57638.36928,41365.8358,12.08886874,10.63023477,11.30590965,11.47813819,10.569847,10.96196111
01/12/2022,101478.9748,45607.83852,55871.13631,20212.6803,35658.45601,31038.94841,11.52761677,10.34303031,10.7278568,10.93082108,9.914114897,10.48176964
01/12/2022,171687.5515,62168.91516,109518.6363,49140.15117,60378.48514,44147.8412,12.05343737,10.69532196,11.03762648,11.60385914,10.80245207,11.00840468
01/12/2022,107432.91,59820.50464,47612.40536,22839.51145,24772.89391,20884.21207,11.58463115,9.946796631,10.99912048,10.77086963,10.03629106,10.11754571
01/01/2023,138694.7693,72091.85681,66602.91244,25285.96583,41316.94661,36830.28788,11.8400381,10.51410298,11.18571025,11.1065186,10.13804436,10.62905223
01/01/2023,136702.7914,80787.7547,55915.03667,23264.37465,32650.66202,27304.42476,11.82557176,10.21484067,11.29959306,10.9316065,10.05472147,10.39365104
01/01/2023,198004.5302,101917.7469,96086.78338,46545.39338,49541.39,39340.14128,12.19605024,10.5800261,11.53193118,11.47301746,10.7482048,10.81058395
01/01/2023,135764.2075,54629.63722,81134.5703,32435.34261,48699.22769,40499.80082,11.81868226,10.60907703,10.90835013,11.30387674,10.38703476,10.79343898
01/01/2023,79789.25903,32821.82334,46967.43569,16175.06625,30792.36944,22341.98842,11.28715671,10.01426783,10.39887939,10.75723107,9.691288037,10.33505467
01/01/2023,122328.2836,55524.53178,66803.75185,23492.87197,43310.87988,33977.1688,11.71447173,10.4334735,10.92459823,11.10952949,10.0644949,10.67618224
01/01/2023,112225.499,37885.51661,74339.9824,32660.35986,41679.62254,36644.02735,11.62827442,10.50903302,10.54235057,11.21641766,10.393948,10.63779161
01/01/2023,78776.85998,30642.03877,48134.82121,14782.48976,33352.33145,26556.88816,11.27438727,10.18708209,10.3301608,10.7817819,9.601266281,10.41491294
01/01/2023,65809.67083,29672.31926,36137.35157,13385.84003,22751.51154,16549.93272,11.09453727,9.714197737,10.29800358,10.49510995,9.502027416,10.03243082
01/01/2023,85653.66589,28846.2841,56807.3818,20625.16698,36182.21482,27485.01179,11.35807898,10.22143249,10.26977113,10.94743916,9.93431579,10.49635061
01/02/2023,196492.2196,105021.7754,91470.44417,33288.01483,58182.42934,48838.71605,12.1883832,10.79629911,11.56193251,11.42378212,10.41298274,10.97135587
01/02/2023,70741.60135,28509.01924,42232.58211,20379.9406,21852.64152,15721.98051,11.16680324,9.662878648,10.25801086,10.65097097,9.922355459,9.992122846
01/02/2023,120092.4815,42739.41011,77353.0714,24906.76215,52446.30925,44377.10093,11.69602573,10.7005014,10.66290012,11.25614849,10.12293477,10.86756431
01/02/2023,83950.59794,45040.32792,38910.27003,19395.53216,19514.73787,14695.34112,11.3379957,9.595353838,10.71533575,10.56903921,9.872849574,9.878976489
01/02/2023,177787.024,67934.02063,109853.0034,44421.16349,65431.83993,50442.23399,12.08834724,10.8286039,11.12630695,11.60690752,10.7014938,11.08877955
01/03/2023,65643.41677,24777.06966,40866.34711,13068.3069,27798.04021,21276.57196,11.09200783,9.965408837,10.11771425,10.61808666,9.478021776,10.23275677
01/03/2023,154623.9203,69085.18607,85538.73419,40726.71712,44812.01707,37768.17149,11.94875759,10.53924848,11.14311008,11.35673627,10.61466415,10.71025394
01/03/2023,192651.3827,67677.19157,124974.1911,52943.40243,72030.7887,61618.69034,12.16864272,11.02873675,11.12251927,11.73587053,10.87699763,11.18486281
01/03/2023,72648.59774,39684.74501,32963.85273,15145.8594,17817.99334,15599.79489,11.19340313,9.655077147,10.58874733,10.4031972,9.625548489,9.788020209
01/03/2023,170424.4543,93266.29426,77158.16003,35203.92969,41954.23034,32901.82171,12.04605326,10.4013137,11.44322478,11.25362558,10.4689414,10.64435838
01/04/2023,177721.5057,69342.73885,108378.7669,46731.32783,61647.43903,44877.06409,12.08797866,10.7117044,11.14683114,11.5933967,10.75219145,11.02920319
01/04/2023,99269.73341,41004.92642,58264.80699,27711.62492,30553.18207,22735.37351,11.50560608,10.03172128,10.62147188,10.9727707,10.22964336,10.32725685
01/04/2023,171106.5501,93191.17863,77915.37147,27269.3599,50646.01157,37668.76809,12.05004759,10.53661314,11.44241908,11.26339137,10.21355567,10.83263551
01/04/2023,112709.9528,42023.14255,70686.81023,24677.92046,46008.88977,33211.89075,11.63258188,10.41069336,10.64599955,11.16602842,10.11370474,10.73661165
01/04/2023,79349.32823,36001.48589,43347.84234,13188.20117,30159.64117,26823.68908,11.28162786,10.19707798,10.49134327,10.67703528,9.487153681,10.31429308
01/04/2023,98059.60706,45109.17101,52950.43605,22347.26633,30603.16972,22858.69174,11.49334101,10.03713045,10.71686302,10.87713047,10.01450403,10.32889154
01/04/2023,84002.50899,40866.23663,43136.27236,13262.50848,29873.76389,23657.09017,11.33861385,10.07146041,10.61808396,10.67214269,9.49277182,10.30476939
01/04/2023,199136.6956,82666.61984,116470.0758,56251.35129,60218.72449,53716.2494,12.2017518,10.89148945,11.32258327,11.66539824,10.93760312,11.00575523
01/04/2023,195332.251,78618.33749,116713.9135,51838.21851,64875.69501,54447.83086,12.18246236,10.90501666,11.27237297,11.6674896,10.85590226,11.08024375
01/04/2023,56844.62796,24097.00851,32747.61945,10048.02867,22699.59079,16434.88424,10.94809459,9.707222287,10.08988448,10.39661609,9.215231259,10.03014623
01/04/2023,123745.9509,40992.95047,82753.00046,27656.13456,55096.8659,41631.95524,11.72599404,10.63664733,10.62117979,11.32362764,10.227639,10.91686626
01/05/2023,89950.8294,28667.84724,61282.98216,29033.08671,32249.89545,25057.51231,11.40702958,10.12896886,10.26356635,11.02327379,10.27622582,10.38130109
01/05/2023,50346.71417,23485.08323,26861.63094,8449.840094,18411.79085,15987.79953,10.8267085,9.679643726,10.06416332,10.19849142,9.042021135,9.820800857
01/05/2023,71492.51693,32632.92853,38859.5884,18112.76367,20746.82473,17480.17391,11.17736205,9.768879804,10.39310778,10.56773586,9.804427352,9.940196688
01/05/2023,192021.0898,77506.9234,114514.1664,51957.13108,62557.03533,54876.09812,12.1653657,10.91285138,11.25813545,11.64846255,10.8581935,11.04384997
01/05/2023,156311.687,67368.10696,88943.58007,35209.95716,53733.6229,47418.34548,11.95961368,10.76678556,11.11794184,11.39576876,10.4691126,10.89181282
01/05/2023,192098.6897,77834.74441,114263.9452,44255.75945,70008.18579,50207.54131,12.16576973,10.82394044,11.26235604,11.64627511,10.69776339,11.15638174
01/05/2023,174241.0192,102457.1663,71783.85292,23691.60293,48092.24999,33967.64457,12.06820053,10.43319316,11.53720986,11.18142877,10.07291817,10.78089711
01/06/2023,128305.6105,72263.9318,56041.67874,23134.46142,32907.21733,28434.15634,11.76217807,10.25538156,11.18809425,10.9338688,10.04912185,10.40147767
01/06/2023,56881.31729,30953.07123,25928.24606,11919.14275,14009.10331,12106.37488,10.9487398,9.40157004,10.34025981,10.1631268,9.385984916,9.547534013
01/06/2023,141492.8206,62023.13712,79469.68352,33437.55476,46032.12876,33523.0741,11.86001132,10.42001909,11.0352789,11.28314347,10.41746485,10.73711661
01/06/2023,83848.49092,32930.82501,50917.66591,17884.43685,33033.22905,23786.51749,11.3367787,10.07691625,10.40219479,10.83798485,9.791742077,10.40529955
01/06/2023,59693.56878,23497.81314,36195.75564,14558.94218,21636.81347,18876.36056,10.99699632,9.845718629,10.06470519,10.49672477,9.58602935,9.982197687
01/06/2023,199706.2471,105820.7764,93885.47067,34594.87935,59290.59132,53275.72556,12.20460781,10.88325485,11.5695116,11.44984157,10.45148986,10.99022278
01/06/2023,174650.4877,99997.6926,74652.79515,33883.08153,40769.71362,35326.63532,12.07054777,10.47242081,11.51291239,11.22061664,10.43070061,10.6157193
01/06/2023,185864.7483,85245.27973,100619.4686,35844.3545,64775.11412,52361.7394,12.13277991,10.86595054,11.35329975,11.51911098,10.48696926,11.07869221
01/07/2023,59641.05371,19876.12284,39764.93086,19105.97124,20658.95963,14660.55599,10.9961162,9.592984108,9.897324744,10.59076582,9.857808534,9.935952788
01/07/2023,142857.6071,83566.29929,59291.30784,26995.71791,32295.58993,23987.72336,11.86961066,10.08533914,11.33340757,10.99023486,10.20347058,10.38271693
01/07/2023,182908.1474,101524.9372,81383.21025,31610.70749,49772.50276,35165.80822,12.11674485,10.46785797,11.52806958,11.30693656,10.36128282,10.81523805
01/07/2023,142628.9357,66301.13191,76327.80381,25319.64061,51008.16321,43114.35968,11.86800869,10.67163459,11.10197733,11.24280565,10.13937518,10.83976057
01/07/2023,187233.6311,98429.00456,88804.6265,36543.86968,52260.75682,44556.69892,12.14011782,10.70454023,11.49710096,11.39420529,10.50629609,10.86402016
01/07/2023,182280.9656,98677.30411,83603.66151,37344.31643,46259.34508,38862.35298,12.11331003,10.567807,11.49962038,11.33385456,10.52796279,10.7420404
01/08/2023,125302.9865,59510.6559,65792.33059,24696.87054,41095.46005,36376.81044,11.73849796,10.50171426,10.99392747,11.09427375,10.11447231,10.62367727
01/08/2023,118971.0817,67734.14699,51236.93473,18822.49914,32414.4356,23101.52675,11.68664414,10.04769727,11.12336048,10.84423545,9.842861322,10.38639
01/08/2023,191861.6935,110503.0837,81358.60976,40334.77273,41023.83703,34604.6118,12.16453526,10.45177114,11.61280776,11.30663423,10.60499402,10.62193294
01/08/2023,174867.1007,73212.12205,101654.9786,39517.39502,62137.5836,53564.96293,12.07178726,10.88866913,11.20112995,11.52934963,10.58452154,11.03712239
01/08/2023,110722.0548,46361.86928,64360.18557,20525.88462,43834.30095,39009.82088,11.61478736,10.57159435,10.74425419,11.07226602,9.929490751,10.68819473
01/09/2023,110268.7287,58018.45771,52250.27104,24283.29869,27966.97235,25135.74118,11.61068472,10.13208585,10.96853371,10.8638195,10.09758528,10.23881529
01/09/2023,188174.7099,70106.923,118067.7869,38783.91812,79283.86881,68443.15573,12.14513143,11.13377345,11.15779109,11.67902267,10.56578674,11.28080258
01/09/2023,148907.4396,72147.15103,76760.28856,28859.09651,47901.19205,37631.73788,11.9110869,10.53562964,11.18647694,11.24845574,10.27021518,10.77691655
01/09/2023,100836.9396,42132.07435,58704.86525,22722.44309,35982.42217,31594.72815,11.52126995,10.36077721,10.64858833,10.98029492,10.03115241,10.49081362
01/09/2023,72925.41682,32801.89035,40123.52647,16465.29472,23658.23175,21041.57755,11.19720622,9.954303166,10.39827191,10.59974306,9.709070827,10.07150867
01/09/2023,90581.90307,36729.45411,53852.44896,20519.44717,33333.00179,28308.778,11.41402077,10.25096254,10.5113615,10.89402173,9.929177091,10.41433323
01/09/2023,59525.13532,27887.60588,31637.52944,15725.621,15911.90844,11331.71513,10.99417074,9.335448966,10.23597349,10.36213094,9.663110161,9.67488591
01/10/2023,95995.44786,34965.40774,61030.04012,22522.82004,38507.22008,28814.97854,11.47206647,10.26868532,10.4621431,11.01913787,10.0223287,10.55862701
01/10/2023,135371.2256,76979.37122,58391.85439,24615.95276,33775.90163,26436.48993,11.81578349,10.18253835,11.25130575,10.97494881,10.11119062,10.42753246
01/10/2023,180337.8334,72020.51347,108317.3199,36771.67615,71545.64376,63801.91455,12.10259277,11.06355415,11.18472015,11.59282958,10.51251035,11.17810488
01/10/2023,89819.66668,29854.88987,59964.77682,25956.37894,34008.39787,28975.26777,11.40557037,10.27423242,10.30413741,11.00152929,10.1642112,10.43439217
01/10/2023,191902.0836,62413.277,129488.8066,60226.14969,69262.65691,49776.38063,12.16474575,10.81531596,11.04154933,11.77135744,11.00587852,11.14567562
01/10/2023,120670.4968,36782.41285,83888.08393,35435.91759,48452.16634,36299.6293,11.70082723,10.49959036,10.51280228,11.33725078,10.47550943,10.78835297
01/10/2023,109824.5321,41696.85657,68127.67557,21636.50284,46491.17274,39238.27914,11.60664831,10.57743354,10.63820501,11.12915348,9.982183331,10.74703925
01/10/2023,167176.0228,85649.48593,81526.53691,38055.89688,43470.64002,32870.90511,12.02680855,10.40037362,11.35803018,11.30869612,10.54683761,10.67986405
01/11/2023,126955.915,52274.81836,74681.09667,29759.531,44921.56567,38023.36112,11.75160306,10.54598232,10.86428918,11.22099567,10.30093833,10.71269552
01/11/2023,127690.8067,52791.67091,74899.13583,26821.56388,48077.57195,42731.15512,11.75737488,10.66270696,10.87412765,11.22391098,10.19699875,10.78059187
01/11/2023,145967.7721,83945.76917,62022.00292,21459.34256,40562.66036,35230.11662,11.89114799,10.46968497,11.33793818,11.03526061,9.973961979,10.61062788
01/12/2023,100952.6034,51773.27217,49179.33125,20003.66172,29175.66953,20522.40182,11.52241632,9.929321066,10.85464863,10.80324905,9.903720611,10.28112468
01/12/2023,151929.8201,55036.19454,96893.6256,39107.47827,57786.14733,49165.74739,11.93118057,10.80297281,10.9157645,11.48137933,10.57409456,10.96452167
01/12/2023,59346.7256,20254.40748,39092.31812,18130.09087,20962.22725,15249.74565,10.99116908,9.632383676,9.916177073,10.57370684,9.805383471,9.950525099
01/12/2023,104149.3124,50770.89808,53378.41434,22826.48119,30551.93315,21646.64642,11.55359045,9.982652017,10.83509829,10.88518045,10.0357204,10.32721597
01/12/2023,104910.7354,46505.62502,58405.11034,25508.47478,32896.63556,28054.41734,11.56087466,10.24193702,10.74735005,10.97517579,10.14680522,10.40115607
01/12/2023,124079.791,58675.42122,65404.36977,22581.67863,42822.69114,33010.09756,11.72868817,10.40459907,10.97979324,11.08835964,10.02493846,10.66484676
01/12/2023,184041.3308,75021.30871,109020.0221,53534.3349,55485.68722,46034.38637,12.12292107,10.73716565,11.2255408,11.59929601,10.88809718,10.9238984
01/01/2024,169234.9464,72630.17867,96604.76778,45856.52494,50748.24284,43332.68955,12.03904915,10.67668566,11.19314957,11.47839373,10.73329459,10.83465198
01/01/2024,186416.3952,70376.79341,116039.6018,56622.63032,59416.97145,48564.00328,12.1357435,10.79065845,11.16163306,11.66169542,10.94418167,10.99235201
01/01/2024,71620.84608,36310.51552,35310.33056,14401.42333,20908.90723,15334.21152,11.17915542,9.637906869,10.4998902,10.47195917,9.575151758,9.947978356
01/02/2024,191272.5002,61018.63344,130253.8667,47559.86243,82694.00432,63713.44797,12.16145962,11.06216663,11.01895095,11.77724832,10.76976548,11.32291447
01/02/2024,96970.40943,55806.54863,41163.86081,18239.97717,22923.88363,17182.1603,11.48217147,9.751685131,10.92966442,10.62534028,9.811425835,10.03997822
01/02/2024,185638.8049,103887.5644,81751.24043,39699.75792,42051.4825,30147.06682,12.13156354,10.31387608,11.55107411,11.31144849,10.58912556,10.6466737
01/03/2024,66117.34457,31976.42479,34140.91979,13569.67576,20571.24403,15342.86101,11.09920151,9.638470739,10.37278546,10.43828123,9.515666549,9.931698069
01/03/2024,182388.1322,88432.82402,93955.30814,34713.12674,59242.1814,51856.63522,12.11389777,10.85625746,11.3900098,11.45058515,10.45490199,10.98940597
01/03/2024,179748.6084,84311.46186,95437.14655,40845.77663,54591.36992,39550.8279,12.0993201,10.58536719,11.34228496,11.46623364,10.61758319,10.90764941
01/03/2024,125560.6064,74352.1868,51208.41963,16796.05748,34412.36214,30121.36479,11.7405518,10.31302319,11.21658181,10.84367877,9.728959,10.4462002
01/03/2024,97139.9271,30446.62262,66693.30449,22430.83173,44262.47276,39629.7525,11.48391806,10.58736067,10.3237632,11.10787484,10.01823629,10.69791507
01/03/2024,194248.8858,82456.53444,111792.3514,33943.67097,77848.6804,59978.30491,12.17690068,11.00175486,11.32003871,11.62440737,10.43248715,11.26253507
01/04/2024,141338.6854,45177.43341,96161.25201,31512.66082,64648.59119,53362.42591,11.85892139,10.88488088,10.71837512,11.47379217,10.35817641,11.07673706
01/04/2024,58112.40351,27326.45725,30785.94626,11654.26043,19131.68583,15938.48819,10.97015161,9.676554843,10.21564724,10.33484606,9.363512896,9.859153452
01/04/2024,102910.7153,61461.05798,41449.65735,16020.92084,25428.73651,22607.94269,11.54162677,10.0261008,11.02617532,10.63225902,9.681713116,10.1436745
01/04/2024,73093.40993,37829.53027,35263.87966,16310.34769,18953.53197,13524.03986,11.19950717,9.512298051,10.54087173,10.47064284,9.699616322,9.849798336
01/05/2024,161041.2413,68004.50564,93036.73564,36990.70883,56046.02681,43486.53536,11.98942198,10.68022963,11.12734395,11.44076045,10.51844908,10.93394638
01/05/2024,97306.21296,34587.97297,62718.23998,24919.45893,37798.78105,27819.42347,11.4856284,10.23352569,10.45129021,11.04642354,10.12344439,10.54005859
01/05/2024,59645.94186,35268.34003,24377.60183,8876.045488,15501.55635,13213.41939,10.99619816,9.48906389,10.47076931,10.10146105,9.091224065,9.648760215
01/05/2024,149905.4361,89314.79813,60590.63793,23994.78631,36595.85161,26433.73705,11.91776662,10.18243422,11.39993366,11.01191217,10.08563352,10.50771749
01/05/2024,150871.5559,47900.56841,102970.9875,40819.19949,62151.78797,44881.10351,11.92419076,10.71179441,10.77690353,11.54221226,10.61693232,11.03735095
01/05/2024,176997.2097,74544.17626,102453.0334,44241.24912,58211.78428,47550.24421,12.0838949,10.76956323,11.21916061,11.53716952,10.69743547,10.97186027
01/05/2024,109196.8269,43878.67612,65318.15081,20301.48547,45016.66534,33001.45467,11.60091644,10.40433722,10.68920653,11.08704055,9.918498595,10.71481025
01/06/2024,116324.7649,47846.57122,68478.19367,26570.6114,41907.58227,34607.57749,11.66414985,10.45185683,10.77577564,11.13428524,10.18759868,10.64324591
01/06/2024,142314.9007,49243.73953,93071.1612,44848.52008,48222.64112,43349.50643,11.86580452,10.67707366,10.80455783,11.4411304,10.71106817,10.78360466
01/06/2024,61980.46456,25450.80403,36529.66054,14492.29194,22037.3686,17842.09289,11.03459066,9.78937176,10.1445419,10.5059072,9.581441196,10.00054024
01/06/2024,145720.9118,68398.04692,77322.86491,36731.93726,40590.92764,28750.26454,11.88945537,10.26643703,11.13311417,11.25575792,10.5114291,10.6113245
01/06/2024,80353.54562,47358.14408,32995.40154,9950.214341,23045.1872,17755.5763,11.29420394,9.784511222,10.7655152,10.40415379,9.205449867,10.04525562
01/06/2024,51799.21693,20388.608,31410.60893,11263.90052,20146.70842,15333.9055,10.85514962,9.637886914,9.922780638,10.35493281,9.329447022,9.910845835
01/07/2024,51857.71219,22535.75525,29321.95694,10120.01685,19201.94008,15167.15942,10.85627823,9.626953735,10.02290282,10.286126,9.222369417,9.862818676
01/07/2024,197482.0777,92501.99211,104980.0856,40115.96163,64864.12395,51717.59109,12.19340818,10.85357259,11.43499627,11.56153548,10.59955451,11.08006538
01/07/2024,61428.99116,23778.18746,37650.8037,18423.76852,19227.03518,16325.87773,11.02565345,9.700567969,10.076566,10.53613614,9.821451154,9.864124658
01/07/2024,190461.2166,61425.87422,129035.3424,40067.53361,88967.80877,64295.09454,12.15720912,11.07125417,11.02560271,11.76784937,10.59834661,11.39604112
01/07/2024,124185.6639,56195.85691,67989.80698,27619.69928,40370.1077,30245.63859,11.72954107,10.31714034,10.93661611,11.12712778,10.22632074,10.60586965
01/07/2024,66456.36648,36720.96425,29735.40224,13617.52463,16117.87761,13889.87913,11.10431592,9.538987726,10.51113034,10.30012724,9.51918625,9.687746387
01/07/2024,65640.20725,29381.03872,36259.16853,11931.83547,24327.33306,19417.24153,11.09195894,9.873968188,10.28813884,10.49847513,9.387049162,10.09939692
01/07/2024,180735.2008,96439.32189,84295.8789,30272.60466,54023.27424,46050.51004,12.10479379,10.73751583,11.47667967,11.34210012,10.31803148,10.89718875
01/07/2024,82388.0846,36224.00519,46164.07941,18394.50496,27769.57446,21695.7921,11.31920824,9.984919699,10.49750491,10.73997893,9.819861618,10.23173227
01/07/2024,54646.12194,24001.25157,30644.87037,13175.13506,17469.73531,13891.22602,10.90865183,9.539084683,10.08590292,10.3302532,9.486162522,9.768282492
01/07/2024,180008.464,68193.82254,111814.6414,54313.59292,57501.04849,42903.0611,12.10076471,10.66672176,11.13012393,11.62460674,10.90254822,10.95957585
01/07/2024,164033.992,66854.71049,97179.28149,37012.16323,60167.11826,49740.70824,12.00783505,10.81459906,11.110292,11.4843231,10.51902889,11.00489789
01/07/2024,183729.852,93406.82983,90323.02214,35411.37769,54911.64445,40220.21042,12.1212272,10.60214976,11.44473045,11.41115873,10.47481669,10.91349892
01/07/2024,91304.71349,38304.42798,53000.28551,19878.30714,33121.97837,24942.29395,11.42196864,10.12436029,10.55334689,10.87807145,9.897434627,10.40798253
01/07/2024,131728.1077,45688.43086,86039.67688,38563.50361,47476.17327,33295.87328,11.78850288,10.41321878,10.72962228,11.36257545,10.56008754,10.76800431
01/08/2024,63440.92342,30652.67275,32788.25067,12855.58037,19932.6703,14924.73568,11.05788017,9.610842229,10.33050776,10.39785602,9.46161105,9.900165556
01/08/2024,105873.6867,55735.49525,50138.19148,23661.46414,26476.72734,19959.94665,11.57001147,9.901532976,10.92839042,10.82255825,10.07164528,10.18405918
01/08/2024,136015.2334,76966.75798,59048.47539,27056.41964,31992.05574,23841.95048,11.82052952,10.07924388,11.25114189,10.98613094,10.20571654,10.37327415
01/08/2024,84277.22232,27746.26013,56530.96219,21514.79548,35016.16672,28063.77741,11.34187878,10.2422706,10.23089238,10.94256146,9.976542618,10.4635937
01/08/2024,193121.9404,107434.3944,85687.54592,36169.9307,49517.61522,39650.36473,12.17108226,10.58788065,11.58464496,11.35847444,10.49601106,10.81010394
01/08/2024,129823.7592,67338.70527,62485.05393,19309.33477,43175.71917,37109.46588,11.77394081,10.52165431,11.11750532,11.04269867,9.868395712,10.67305672
01/08/2024,108684.9944,34595.07968,74089.91471,25240.67007,48849.24464,35691.17209,11.59621822,10.48268667,10.45149565,11.2130482,10.13625148,10.79651467
01/08/2024,168128.6868,61618.38087,106510.3059,32893.13795,73617.16793,53603.22763,12.03249091,10.88938322,11.02873172,11.57600642,10.40104974,11.20664712
01/08/2024,65009.14398,27768.72901,37240.41498,11496.84892,25743.56605,22669.90663,11.0822986,10.02883774,10.23170182,10.52517673,9.349915247,10.15597886
01/08/2024,124536.8692,42358.93741,82177.93181,29197.54866,52980.38314,43609.08627,11.73236512,10.68304374,10.65395832,11.31665424,10.28187428,10.87769587
01/09/2024,90748.33295,41963.50895,48784.824,21413.49546,27371.32854,20255.42757,11.4158564,9.916227433,10.64457952,10.79519506,9.97182333,10.21728787
01/09/2024,196572.2294,83622.41743,112949.812,44160.34155,68789.47042,51215.34881,12.18879031,10.84381407,11.33407887,11.63470771,10.69560506,11.1388205
01/09/2024,137875.074,51574.30932,86300.76465,29464.90414,56835.86051,45516.83536,11.83411055,10.72585951,10.85079834,11.36560532,10.29098908,10.94794035
01/09/2024,89433.26352,41195.46325,48237.80027,16027.99313,32209.80714,27313.38037,11.40125915,10.2151686,10.62610769,10.78391896,9.682154432,10.3800573
01/09/2024,169605.4952,53532.29178,116073.2034,44775.26215,71297.94124,62120.3151,12.0412363,11.03684445,10.88805902,11.66198495,10.70943342,11.17463676
01/09/2024,86814.36783,51096.41798,35717.94984,14037.22464,21680.7252,19127.76017,11.37153893,9.85894825,10.84148925,10.48343663,9.549539219,9.984225028
01/09/2024,152388.9719,65811.67522,86577.29666,38939.55124,47637.74542,39140.46639,11.93419812,10.57493771,11.09456773,11.36880445,10.56979143,10.77140169
01/09/2024,132549.5797,76099.78387,56449.79588,18750.02421,37699.77167,31126.896,11.79471959,10.34585967,11.23981384,10.94112467,9.839003654,10.53743584
01/09/2024,156713.7641,55743.6365,100970.1276,41298.76017,59671.36744,43734.43499,11.96218264,10.68591392,10.92853648,11.52258989,10.62861197,10.99662434
01/10/2024,96056.50504,48853.34472,47203.16032,21800.81156,25402.34876,18288.65001,11.4727023,9.814090606,10.79659859,10.76223731,9.989748344,10.14263629
01/10/2024,133827.2557,46032.23748,87795.01824,37823.40519,49971.61305,43540.86182,11.80431258,10.6814781,10.73711897,11.38277143,10.54070981,10.8192304
01/10/2024,180758.1278,91338.34736,89419.78043,29050.11526,60369.66517,47093.02846,12.10492064,10.75990149,11.42233694,11.40110838,10.27681215,11.00825859
01/10/2024,56300.87961,30244.44562,26056.43399,8104.863121,17951.57087,13349.03405,10.9384832,9.499274214,10.31710089,10.16805838,9.000342921,9.795488608
01/10/2024,188752.3897,101625.3546,87127.03508,30722.66362,56404.37146,39849.88915,12.14819663,10.5929,11.52905818,11.37513398,10.33278844,10.94031967
01/11/2024,61058.21312,35353.27124,25704.94188,10378.84611,15326.09577,12463.37574,11.01959938,9.430629913,10.47317449,10.15447745,9.247621331,9.637377507
01/11/2024,139463.4174,49912.22997,89551.18741,44483.83312,45067.3543,34223.45169,11.84556478,10.44069563,10.81804138,11.40257683,10.70290358,10.7159356
01/11/2024,73601.66574,36670.96801,36930.69774,15313.18815,21617.50959,17091.21709,11.20643652,9.746378498,10.50976793,10.51682548,9.636535008,9.981305152
01/11/2024,100329.4887,44624.67735,55704.81133,27517.3414,28187.46993,21622.76153,11.5162249,9.98154806,10.7060647,10.92783975,10.22260802,10.24666831
01/11/2024,199605.8052,91636.40956,107969.3956,39198.93437,68770.46122,61392.2523,12.20410474,11.02505521,11.42559487,11.58961235,10.57643035,11.13854413
01/11/2024,138340.6279,55284.77774,83055.85018,36346.62315,46709.22703,41949.06089,11.83748147,10.64423516,10.92027097,11.32728059,10.50088409,10.75171841
01/11/2024,124918.5537,49970.17037,74948.38331,35473.56681,39474.8165,28809.49536,11.73542524,10.26849502,10.81920153,11.22456828,10.47657129,10.58344352
01/12/2024,76574.44496,44254.11071,32320.33425,15453.11828,16867.21597,11861.21293,11.24603174,9.381113242,10.69772614,10.38348279,9.645630802,9.733186419
01/12/2024,57072.38302,32585.20926,24487.17376,10417.1087,14070.06505,10950.24675,10.95209314,9.301208587,10.39164445,10.10594558,9.251300792,9.551875844
01/12/2024,130794.0834,63964.48371,66829.59969,27264.68444,39564.91525,30545.3784,11.78138713,10.32700141,11.0660989,11.10991633,10.21338421,10.5857233
01/12/2024,146128.1219,74450.22326,71677.8986,24111.19958,47566.69902,38450.06929,11.89224591,10.55714178,11.21789947,11.17995168,10.0904732,10.76990922
01/12/2024,123917.2965,55233.9856,68683.31085,25975.31726,42707.99359,35848.02718,11.72737773,10.48707171,10.91935183,11.13727608,10.16494053,10.6621648
01/12/2024,90007.80982,30437.9915,59569.81832,29490.17471,30079.64361,24808.77058,11.40766283,10.11899283,10.32347968,10.99492111,10.29184634,10.31163717
01/12/2024,86146.84916,32592.56732,53554.28184,16768.46933,36785.81251,28389.16806,11.36382028,10.25379817,10.39187023,10.8884697,9.72731521,10.5128947
01/12/2024,74318.90611,24769.47907,49549.42705,24100.45338,25448.97367,19269.93941,11.21613411,9.86635351,10.11740786,10.81074616,10.09002742,10.14446999
