month,log_revenue,log_net_income,log_cost_of_goods_sold,log_gross_profit,log_operating_expenses,log_operating_income
01/01/2019,11.30803365,10.04987911,10.55342838,10.67280833,9.688124371,10.20514739
01/01/2019,11.0214712,9.731128898,10.14455057,10.48353846,9.484385933,10.02441409
01/01/2019,11.94063099,10.46724908,11.33144809,11.15583222,10.22812325,10.65257061
01/01/2019,11.51653902,10.42887471,10.73320293,10.90613372,9.734981601,10.53508275
01/01/2019,11.82941239,10.37753442,11.12555155,11.14687972,10.12543199,10.70050065
01/01/2019,11.78702903,10.33069256,10.98128768,11.19508555,10.30473853,10.66660579
01/01/2019,11.50932128,9.841759128,10.99696998,10.59533975,9.712317387,10.06174665
01/02/2019,11.76888024,10.34521407,10.72981427,11.33226924,10.61544692,10.66227304
01/02/2019,11.82847559,10.31898618,11.11495869,11.15530578,10.40574963,10.51558189
01/02/2019,11.81122825,10.52928501,11.02755658,11.20110047,10.25651724,10.70872371
01/02/2019,10.91637523,9.273915378,10.36885519,10.05276176,9.004053054,9.621445084
01/02/2019,11.71382359,10.27593759,11.08032873,10.95725611,9.757668551,10.59872082
01/02/2019,12.14405346,10.90631464,11.31104762,11.5735924,10.57279201,11.11539765
01/02/2019,11.588696,10.38910392,10.61795598,11.11260453,10.19355843,10.60363643
01/03/2019,11.82100287,10.17837697,11.24393336,10.99652942,10.28720095,10.31933885
01/03/2019,11.84572416,10.55846617,11.21664819,11.08413326,9.901279543,10.71829107
01/03/2019,11.62308492,10.32718541,10.81028313,11.0368091,9.914456725,10.64302984
01/03/2019,12.05976848,10.61658221,11.32754058,11.40424313,10.62908179,10.78691132
01/03/2019,11.85204809,10.52015032,10.89768997,11.36583035,10.61924097,10.72343563
01/03/2019,11.48074097,10.42601428,10.48667408,11.018613,9.973721237,10.58519046
01/03/2019,10.95590112,9.936898493,9.7849759,10.58474692,9.704000218,10.04954661
01/04/2019,12.07370121,10.85165825,11.09089253,11.60489247,10.80340851,11.00950058
01/04/2019,12.07669271,10.94065984,11.14278064,11.57745385,10.6840357,11.0510998
01/04/2019,10.86281724,9.697447398,9.988027644,10.32336821,9.381282073,9.829430958
01/04/2019,10.86165062,9.674275737,9.902600501,10.37837923,9.491924603,9.847209441
01/04/2019,11.86815888,10.5793585,11.22462421,11.12282347,10.02988974,10.71452917
01/04/2019,11.90750318,10.46324447,11.23504194,11.19324687,10.21263929,10.72313224
01/04/2019,12.19715339,11.19047523,11.03673338,11.82122355,10.88974868,11.32040621
01/04/2019,11.25866166,10.17527864,10.07447507,10.89340416,9.892983429,10.43500317
01/04/2019,11.75620806,10.11928386,11.18094426,10.92941839,9.96886603,10.44707732
01/04/2019,11.1714995,9.894569117,10.42347423,10.53040155,9.498903628,10.0896524
01/05/2019,11.29576018,10.11480596,10.38161658,10.7835213,9.654097933,10.39314354
01/05/2019,12.08458458,11.02554172,10.96338585,11.6902326,10.50727204,11.32442754
01/05/2019,12.14703482,10.89252372,11.19202644,11.66122108,10.81492112,11.10087131
01/05/2019,12.01997277,10.7903737,11.08673113,11.52030013,10.40975305,11.12076422
01/05/2019,10.91593177,9.342127291,10.3909194,10.02059526,9.104920333,9.509433038
01/05/2019,12.18244111,10.95138508,11.11991487,11.75844042,10.77084483,11.29248719
01/05/2019,11.79946882,10.21215178,11.23098489,10.96389143,10.2157055,10.32294398
01/05/2019,11.97124983,10.54708845,11.25641305,11.29934416,10.53736467,10.6706182
01/06/2019,12.05016439,10.68107668,11.2168867,11.4799133,10.70199013,10.86493255
01/06/2019,11.87551723,10.59310164,10.80551477,11.45544487,10.70555076,10.81601668
01/06/2019,11.90053549,10.66244137,11.0440077,11.34779846,10.46053192,10.8171646
01/06/2019,12.00964509,10.70837971,11.21011484,11.41265501,10.27944271,11.02406739
01/06/2019,11.94687694,10.47207531,11.29050317,11.21556573,10.41172242,10.62209753
01/06/2019,11.83611191,10.6712298,10.86577699,11.35977007,10.4839158,10.82106882
01/07/2019,12.01878797,10.31540247,11.48491603,11.13611501,10.32185631,10.55100935
01/07/2019,11.15617491,9.656035394,10.56236502,10.35275498,9.520167384,9.782019179
01/07/2019,11.72765365,10.41867936,11.12145412,10.9392905,9.748371022,10.57699419
01/07/2019,12.06073764,11.05887653,11.03016883,11.61944093,10.54094654,11.20377666
01/07/2019,12.08971944,10.4856124,11.47095109,11.31622562,10.51465833,10.72090706
01/07/2019,11.58541355,10.47766153,10.66999128,11.07402404,10.12680279,10.58332506
01/08/2019,11.98956729,10.72817091,11.07689153,11.47633477,10.52272837,10.98965134
01/08/2019,11.92628373,10.65280264,11.12903951,11.32742382,10.20423124,10.93404378
01/08/2019,11.85561215,10.37516367,11.20496956,11.11808807,10.35513622,10.490217
01/08/2019,12.15453888,10.79295677,11.49281048,11.42896454,10.22891536,11.07061888
01/08/2019,11.83960635,10.63202365,11.05077661,11.23379398,10.24863874,10.76639808
01/08/2019,11.79167938,10.3208303,11.00264252,11.1860401,10.48553996,10.50021974
01/09/2019,11.64226634,10.64989079,10.64308849,11.18312632,10.03379189,10.80210939
01/09/2019,11.69735425,10.40218112,10.73634694,11.21527954,10.4535551,10.58633233
01/09/2019,10.97476642,9.559333877,10.30539937,10.25729492,9.43113211,9.681591872
01/09/2019,12.13690204,10.88441913,11.28297719,11.58223716,10.44646765,11.19485917
01/09/2019,11.53690518,10.04814939,10.8374128,10.85008258,10.05286965,10.2512203
01/09/2019,11.52935848,10.16492474,10.56099345,11.05181692,10.20626477,10.49091763
01/09/2019,11.36402823,9.862161313,10.72897409,10.60922861,9.549780557,10.18362855
01/09/2019,11.96005644,10.69177093,11.09026904,11.416993,10.40559155,10.96491117
01/09/2019,11.01517863,9.331093588,10.408802,10.22704637,9.432600767,9.625939525
01/09/2019,11.44875109,9.968715384,10.73877621,10.77217409,9.756595116,10.32248794
01/09/2019,11.90892462,10.84675313,10.72621841,11.54300482,10.5943308,11.0532156
01/10/2019,11.84371737,10.14597507,11.26446379,11.0220337,10.30627983,10.35102539
01/10/2019,10.99531279,9.543185523,10.44191462,10.13970366,9.09914698,9.703956914
01/10/2019,11.34895258,10.26776657,10.29500825,10.92040037,9.943513253,10.44805299
01/10/2019,11.7254136,10.49476047,11.00735181,11.05659112,9.977078146,10.64146171
01/10/2019,11.1699663,9.882113956,10.45005876,10.50290944,9.483495037,10.05540487
01/10/2019,11.46795957,10.36259712,10.4097101,11.04170122,10.00692197,10.60274843
01/11/2019,11.95528236,10.6226503,11.16070427,11.35423042,10.40145734,10.8670264
01/11/2019,12.13998266,11.0855694,11.07202381,11.71883926,10.60276817,11.32200266
01/11/2019,11.0866305,9.405600108,10.41481433,10.37171867,9.630321022,9.724660403
01/11/2019,11.79264982,10.65254844,10.70501726,11.38166071,10.27929806,10.97808259
01/11/2019,12.11056989,11.12062622,10.94986256,11.7347718,10.598356,11.34769749
01/11/2019,12.01545931,10.56623346,11.27422069,11.36820806,10.58529632,10.75744859
01/11/2019,11.01867149,9.54093835,10.26308608,10.38432297,9.649920134,9.730856058
01/11/2019,11.95125427,10.33018599,11.31580434,11.19688964,10.49409292,10.51332694
01/12/2019,11.95763844,10.5377569,11.33877825,11.18425354,10.06721668,10.78789561
01/12/2019,11.75357833,10.29421122,10.87355507,11.21783585,10.4886182,10.55952917
01/12/2019,10.85466162,9.660835804,9.828648483,10.41084985,9.632978686,9.795861477
01/12/2019,11.89791473,10.70958422,10.73981453,11.52092702,10.51569339,11.06530081
01/12/2019,11.80550198,10.39263585,10.81892387,11.33894376,10.5546698,10.72933027
01/12/2019,11.63509117,10.33842609,10.84150548,11.03322513,10.00744305,10.58927933
01/12/2019,12.20196403,10.92352139,11.35858678,11.63940648,10.63573197,11.18287752
01/12/2019,11.64509622,10.31802661,10.7950874,11.08752414,10.34100977,10.4450689
01/12/2019,11.71965813,10.58537569,10.77689317,11.22611378,10.0871568,10.8402462
01/01/2020,11.32349096,10.0237533,10.42676252,10.79942832,9.959392238,10.2343673
01/01/2020,11.79692263,10.70687092,10.69613648,11.39255397,10.35477662,10.95524227
01/01/2020,11.21678839,9.905887299,10.27900011,10.72006404,9.906705049,10.13425585
01/01/2020,12.19763508,10.8315911,11.55485014,11.4514648,10.44630072,10.99579957
01/01/2020,11.37435628,9.795714019,10.82262311,10.51647775,9.350393153,10.14315435
01/01/2020,11.56481744,10.35621668,10.55841755,11.10986308,10.17762918,10.60955143
01/01/2020,10.95856072,9.703706233,9.939641581,10.51076077,9.68309056,9.936215608
01/02/2020,11.71779365,10.25128231,10.99896296,11.04970271,10.24981801,10.45301979
01/02/2020,12.13410548,10.69020817,11.41692371,11.46443926,10.49884076,10.98520152
01/02/2020,11.22960032,9.861040009,10.51836111,10.55424974,9.668654288,10.02246873
01/02/2020,11.84331811,10.23973819,11.17453429,11.12521387,10.34015438,10.51626475
01/02/2020,11.63249651,10.04821168,11.04893441,10.81628045,10.07777101,10.16656521
01/02/2020,11.87161545,10.64151619,11.07684727,11.27072115,10.09957103,10.89966117
01/02/2020,10.84360352,9.733024703,9.878120538,10.36430934,9.21596501,9.982858691
01/03/2020,11.61313501,10.14960097,10.79937666,11.02762136,10.30869669,10.35963555
01/03/2020,11.12573502,9.623721611,10.48611353,10.3760655,9.319050716,9.949181997
01/03/2020,11.86384231,10.53981352,11.2860325,11.04031545,9.908942593,10.65086043
01/03/2020,11.89946908,10.62747051,10.82083187,11.48387509,10.67607808,10.89359334
01/03/2020,11.79938531,10.20738574,11.21082099,10.98944319,10.01614622,10.51491993
01/03/2020,11.90294139,10.63862251,10.83923177,11.47956757,10.71517157,10.85294806
01/03/2020,11.97949111,10.55063356,11.19179448,11.37273242,10.52146925,10.8161004
01/03/2020,11.77776375,10.35895507,11.16549265,10.99663617,9.852001613,10.61343613
01/03/2020,11.6442271,10.64112185,10.70615756,11.14767598,10.02693672,10.7531148
01/04/2020,11.8330517,10.74082749,10.90892188,11.32743024,10.31699939,10.87479482
01/04/2020,11.69443508,10.02630897,11.04448245,10.95616048,10.18525786,10.33518905
01/04/2020,11.60861719,10.46666275,10.68209764,11.10456815,10.0874938,10.65572087
01/04/2020,11.73071701,10.43595734,10.66127523,11.31035347,10.46183033,10.75167707
01/05/2020,12.00141159,10.8486831,11.0880874,11.48861362,10.46358635,11.04423651
01/05/2020,12.12055319,10.69534319,11.29240945,11.54633681,10.6262709,11.03803616
01/05/2020,11.7905334,10.47354996,11.03545167,11.15572186,10.05418182,10.75173882
01/06/2020,11.42114661,10.06333213,10.87107304,10.56100839,9.390699985,10.18958909
01/06/2020,11.25994104,10.18824018,10.11300772,10.87780702,9.946398634,10.37696548
01/06/2020,11.38003898,10.13399624,10.35488504,10.93573457,9.938724068,10.47534371
01/06/2020,12.07460562,11.02442781,11.0823164,11.61142452,10.42461931,11.24731389
01/06/2020,11.84789714,10.36632177,11.11354132,11.19434119,10.29025637,10.67531784
01/06/2020,11.91113273,10.50652175,11.07838273,11.34047733,10.6319548,10.66249608
01/06/2020,12.03407027,10.87342637,11.15398599,11.49836774,10.3551282,11.11450586
01/06/2020,11.7004517,10.13530224,11.07929158,10.92974845,10.07312022,10.37710488
01/06/2020,12.15756133,10.70528376,11.57840724,11.33574648,10.38003674,10.85038198
01/06/2020,11.86033093,10.22299964,11.3070103,11.00459403,10.06350411,10.50999325
01/07/2020,10.84236397,9.748387718,9.784957975,10.41567094,9.487506813,9.912732846
01/07/2020,12.13074064,11.02275303,10.96285731,11.75819878,10.68126844,11.34172569
01/07/2020,11.99190286,10.47961236,11.46937422,11.09292902,9.998111019,10.68558422
01/07/2020,11.8451233,10.35369588,10.92174181,11.33900897,10.61123593,10.67935173
01/07/2020,11.58290454,10.0935294,10.99770095,10.76875712,9.834690967,10.26964331
01/07/2020,11.06204015,9.999789699,10.0830775,10.59094003,9.529764172,10.16625613
01/07/2020,11.75687302,10.23457122,11.11096132,11.01416453,10.25692525,10.38127891
01/08/2020,10.87146928,9.432696515,10.31627794,10.01828612,8.892957808,9.625982042
01/08/2020,11.90350145,10.45088081,11.11968762,11.29349195,10.38799511,10.77542603
01/08/2020,12.1939414,10.79591587,11.49335839,11.5081852,10.70830465,10.9114883
01/08/2020,11.33338363,10.08757526,10.22259158,10.93397107,10.18730538,10.291657
01/09/2020,11.47920609,10.21775301,10.7380273,10.83190858,9.782466994,10.4009511
01/09/2020,11.09702542,9.60831528,10.53365881,10.25474207,9.195992763,9.828787178
01/09/2020,12.07851965,10.68594972,11.39683552,11.37378798,10.23484631,10.9879105
01/09/2020,11.41879153,9.778367437,10.75401247,10.69647054,9.916580994,10.08318016
01/09/2020,11.17895942,9.837582438,10.30906397,10.63598694,9.77512334,10.08646768
01/09/2020,11.15776895,9.732037067,10.27932827,10.62091427,9.911302598,9.944012899
01/09/2020,12.06496697,10.75520688,11.06020031,11.60906457,10.82996992,10.99507576
01/09/2020,12.13635773,10.59738155,11.34137644,11.53563599,10.76673332,10.91292556
01/09/2020,11.91484418,10.3498515,11.32804211,11.10269693,10.23960087,10.55479419
01/09/2020,12.18191005,11.1383849,11.0966674,11.76970022,10.79125765,11.29827424
01/09/2020,11.89926734,10.49130067,11.21400202,11.19818938,10.29651791,10.67752053
01/09/2020,11.82632464,10.50687944,11.07054695,11.19212929,10.05912251,10.80344807
01/09/2020,11.09908645,9.79081405,10.51354036,10.28538258,9.086349566,9.926631943
01/10/2020,11.29051319,9.721734641,10.77096724,10.38719283,9.203448146,10.02176627
01/10/2020,12.12041648,10.79700224,11.4273976,11.42715188,10.5300329,10.90335619
01/10/2020,11.23122129,9.997831293,10.32822418,10.71145634,9.693073236,10.26336109
01/10/2020,12.15743796,11.09980081,11.23493202,11.65074317,10.58892718,11.22637272
01/10/2020,11.03476744,9.732121872,10.2291633,10.44272855,9.421845043,9.996054915
01/11/2020,11.72000297,10.35492086,10.8295994,11.19155307,10.35251629,10.62572065
01/11/2020,11.65393791,10.72575115,10.49446119,11.2775826,10.18272547,10.87025362
01/11/2020,11.37096241,9.782143827,10.8014125,10.53678492,9.487008472,10.10601824
01/11/2020,10.84118902,9.669937534,9.812940108,10.39862453,9.260936728,10.01218397
01/11/2020,11.80691237,10.2331173,11.17414426,11.04952078,10.34541351,10.36724631
01/11/2020,11.3388164,9.999513172,10.43895187,10.81690818,10.04205697,10.19932797
01/11/2020,12.05605589,10.68846907,11.47898011,11.23158696,10.05246407,10.86408919
01/11/2020,12.02050533,10.5156111,11.21703646,11.42672015,10.66181467,10.80054537
01/11/2020,11.84157345,10.91139452,10.79292994,11.4101664,10.22487611,11.04539253
01/12/2020,12.07707623,10.29045007,11.48473476,11.27182323,10.53838507,10.61743083
01/12/2020,11.36703422,10.12970382,10.38929052,10.89519323,10.0476161,10.33581929
01/12/2020,11.13907055,9.659314496,10.50161737,10.38697448,9.341578136,9.953847863
01/12/2020,11.51311625,10.32479197,10.36775711,11.1302445,10.27237491,10.57851027
01/12/2020,12.11369265,10.69316636,11.25175496,11.56492728,10.7016412,11.01715353
01/12/2020,11.03567194,9.803596696,10.23323316,10.44106903,9.440818776,9.982585697
01/01/2021,11.3815329,9.662308841,10.74893934,10.62395199,9.918462244,9.94304495
01/01/2021,11.92045194,10.67765815,10.94878254,11.44492255,10.46341627,10.97534204
01/01/2021,12.16223516,11.00023231,11.18077316,11.69261934,10.71033002,11.22350408
01/01/2021,11.4952649,9.809167426,10.87082444,10.72836174,10.03084945,10.03960434
01/01/2021,11.48662039,9.9972786,10.78552844,10.80137573,9.79348167,10.34729831
01/01/2021,11.20985079,10.21398329,10.16626555,10.77571427,9.732798295,10.34122509
01/01/2021,11.25265998,10.02483837,10.12701485,10.86046131,9.948628204,10.34668495
01/01/2021,11.92848004,10.47913115,11.25743171,11.2127481,10.34327674,10.66946888
01/02/2021,10.87865071,9.812419152,9.916276186,10.39743903,9.32119905,9.98064351
01/02/2021,11.74418572,10.58354954,10.80726516,11.24689366,10.34347602,10.72741491
01/02/2021,11.65113524,10.47488909,10.76691576,11.11835755,10.10386563,10.66804396
01/02/2021,11.5594656,10.32588414,10.47626858,11.14621725,10.2766829,10.60298507
01/02/2021,12.1121247,10.53029208,11.4673073,11.36820438,10.61923893,10.72794574
01/02/2021,11.15727264,9.551704944,10.49742724,10.42970591,9.656766721,9.810506632
01/03/2021,10.90392414,9.576969537,10.2522367,10.16756207,9.181330303,9.700847231
01/03/2021,11.56818632,10.03098366,10.99625675,10.73709619,9.659462628,10.32100727
01/03/2021,10.96380423,9.720938098,10.0753749,10.43399293,9.309587865,10.04122252
01/03/2021,11.75526546,10.1181241,11.2027689,10.89841425,9.982631485,10.38728065
01/03/2021,11.67043047,10.62012587,10.48424242,11.30604788,10.442372,10.7585632
01/03/2021,11.86230609,10.09627545,11.32853472,10.97949306,10.14588099,10.40951874
01/03/2021,11.82437524,10.39840627,10.82241694,11.36684959,10.59670608,10.74521334
01/03/2021,11.49957699,10.09437176,10.80316414,10.80970505,9.611498628,10.45057751
01/03/2021,11.71355434,10.05374589,11.17679718,10.83496177,9.783211291,10.40524593
01/04/2021,12.05882046,10.74760445,11.1806767,11.52174023,10.49763343,11.07684719
01/04/2021,11.72822371,10.45038132,10.71402978,11.27772995,10.43692721,10.71323724
01/04/2021,11.96427231,10.69107764,11.24978841,11.29202856,10.13947459,10.91249922
01/04/2021,11.82957469,10.50016426,11.15849988,11.11387184,9.946849276,10.74095498
01/04/2021,11.07858076,9.843647714,10.30316066,10.46147783,9.525932772,9.96333259
01/04/2021,11.56443246,10.11989428,10.87427497,10.86830567,9.959335343,10.35260175
01/05/2021,12.02234584,10.5434947,11.36964854,11.28705589,10.46666622,10.70679529
01/05/2021,11.87143762,10.52280032,11.17348479,11.18308702,10.25785472,10.67820137
01/05/2021,11.14756805,9.658923303,10.47827534,10.43001295,9.663650573,9.80513943
01/05/2021,11.99913955,10.79246292,10.82952901,11.62737752,10.77419716,11.07216655
01/06/2021,11.6211073,10.68901131,10.50909255,11.22229004,10.16099302,10.79765225
01/06/2021,11.94626112,10.74851403,10.87179434,11.5285109,10.76273646,10.90308993
01/06/2021,12.00166947,10.35607454,11.48059106,11.10057858,10.27393394,10.52521489
01/06/2021,11.18359268,9.601697802,10.33835189,10.62245567,9.919814473,9.938761483
01/07/2021,11.33724396,9.912014861,10.59837629,10.68784081,9.922076562,10.06243524
01/07/2021,11.69666767,10.32952659,11.05313131,10.9513369,10.03396599,10.44125995
01/07/2021,11.87716368,10.92823027,10.71655493,11.50132272,10.40696162,11.09374043
01/07/2021,11.86364432,10.2119695,11.32842042,10.98288691,10.0866593,10.45848739
01/07/2021,11.96341136,10.27799047,11.37659009,11.15128744,10.31662328,10.58211589
01/07/2021,11.156518,9.626331344,10.47074657,10.45596903,9.761061243,9.764636821
01/07/2021,11.63764133,10.25491162,10.78074389,11.08518056,10.37573208,10.40810339
01/08/2021,11.65345182,10.23508225,10.87173843,11.04167711,10.07143764,10.56529116
01/08/2021,11.80199946,10.37619487,11.18592305,11.02535813,10.02890337,10.56463975
01/08/2021,11.4779584,10.25795939,10.7737795,10.79574306,9.689628396,10.39403875
01/08/2021,11.8337654,10.15247081,11.17403392,11.10606221,10.32788876,10.49130273
01/08/2021,11.77312541,10.65556465,10.88313597,11.24438632,10.09465378,10.86355277
01/08/2021,11.1820486,10.12948584,9.991543534,10.81956578,9.835411836,10.35158362
01/09/2021,11.9075465,10.87172811,10.76329801,11.52415142,10.62519652,11.001616
01/09/2021,11.49992958,9.85411895,10.86688406,10.74285783,9.905148584,10.17602783
01/09/2021,12.16480487,10.67951228,11.50200928,11.44036672,10.60438271,10.87219972
01/09/2021,11.71095215,10.26047429,10.85889724,11.15490365,10.28451923,10.61228422
01/09/2021,11.31419328,10.10573986,10.26351652,10.88388902,10.10709133,10.26796661
01/09/2021,10.9871558,9.43700343,10.39478066,10.18196957,9.405645607,9.565679011
01/09/2021,11.5252114,10.41159818,10.37178942,11.1460787,10.36706742,10.53202909
01/09/2021,11.31565765,9.828882754,10.63964509,10.60510191,9.772015243,10.03473745
01/09/2021,11.75898345,10.28010062,10.88065098,11.22204084,10.42746839,10.62099693
01/09/2021,11.94074913,10.87299655,10.86329115,11.52454654,10.44696492,11.10841286
01/09/2021,11.61202485,10.21987633,10.66977744,11.11815161,10.29786131,10.53781695
01/10/2021,11.91166515,11.04634115,10.74111469,11.5403269,10.37215409,11.16792198
01/10/2021,12.05573933,11.07117919,10.86094873,11.69511154,10.68843041,11.24031733
01/11/2021,11.94484905,10.61528076,10.89043236,11.51654137,10.73656497,10.90330115
01/11/2021,11.99038299,10.45672362,11.30382766,11.29061271,10.5000578,10.68624437
01/11/2021,12.1307728,10.29115436,11.60957832,11.22984979,10.46774861,10.601232
01/11/2021,12.09652279,10.84407506,11.05666164,11.66034352,10.94877036,10.98530589
01/11/2021,11.98888202,10.39468659,11.31728844,11.27371913,10.53742272,10.62196045
01/11/2021,11.36133018,9.927607002,10.60202595,10.73025543,9.887638556,10.16715288
01/11/2021,11.92284653,10.42688034,11.24515681,11.21401268,10.26876605,10.72205749
01/11/2021,11.90194477,10.69969036,11.10898889,11.29955471,10.31717545,10.83049972
01/12/2021,11.69524489,10.00922313,11.16102839,10.81306566,9.930022488,10.27947888
01/12/2021,12.17658979,10.82471223,11.17953912,11.71620235,10.87629993,11.15101823
01/12/2021,11.43922856,9.834795163,10.89072417,10.57694631,9.578189264,10.11758745
01/12/2021,12.07511591,10.6145009,11.41721693,11.34544438,10.38407487,10.86359964
01/12/2021,12.01854765,10.28668263,11.3254334,11.3253796,10.62486856,10.63956639
01/12/2021,12.00550113,10.57132893,11.35759486,11.26498173,10.29031341,10.79128381
01/12/2021,11.38066454,10.0659582,10.49277621,10.85046507,9.937099178,10.33771719
01/12/2021,12.17749773,10.94048316,11.47569339,11.49294362,10.3965778,11.0863687
01/01/2022,11.59599877,9.942232285,10.98699792,10.81098883,10.04556243,10.18528461
01/01/2022,12.0120788,10.85479488,10.83463464,11.64382416,10.78195307,11.09501579
01/01/2022,11.83864995,10.62726787,10.82150898,11.38982816,10.32175173,10.96875542
01/01/2022,11.53599324,10.1026236,10.72648555,10.94708471,10.16459144,10.33598395
01/01/2022,11.64835624,9.975014455,11.11093687,10.77069634,9.895932742,10.23123189
01/01/2022,11.37821298,9.701912706,10.73550864,10.63196681,9.830367549,10.03669594
01/01/2022,12.16891863,11.24765652,10.98145322,11.80509227,10.65407868,11.42484375
01/01/2022,11.75638081,10.68406983,10.67118581,11.34415077,10.4602565,10.81114952
01/01/2022,11.93224567,10.79230532,10.94296658,11.46728835,10.47311781,11.0052215
01/01/2022,11.5675675,10.46386697,10.46318479,11.16498933,10.35280191,10.57823275
01/02/2022,11.10902372,9.741657462,10.3681176,10.46148678,9.502421561,9.978240071
01/02/2022,11.62862555,10.114025,10.90311149,10.96684765,10.2501224,10.29676915
01/02/2022,11.31008102,9.974801248,10.7194628,10.50270647,9.401595683,10.09852942
01/02/2022,11.67811426,10.38784866,10.80851866,11.13491604,10.12317846,10.68303193
01/02/2022,11.54323646,10.39395493,10.64990036,11.01682612,10.10874077,10.50052012
01/02/2022,11.66210731,10.36919379,10.85500436,11.0712638,9.973010681,10.6656424
01/02/2022,11.64370914,10.51255112,10.7613836,11.10959669,10.14693153,10.62855832
01/02/2022,11.91263229,10.80034996,10.91888087,11.45031321,10.57608039,10.91045123
01/03/2022,12.03814434,10.54827901,11.45824056,11.21728576,10.15512769,10.79310331
01/03/2022,12.15732452,10.93668658,11.25343587,11.63815338,10.45312185,11.27326233
01/03/2022,11.13271256,9.909236596,10.0013661,10.74324288,10.04884233,10.05139062
01/03/2022,11.67337688,10.13578067,11.02039409,10.93840214,10.07528071,10.39052257
01/03/2022,11.02870078,9.849432916,10.07741478,10.5405694,9.450564885,10.1308123
01/04/2022,11.95395367,10.79670977,11.18197061,11.33389084,10.24055307,10.925796
01/04/2022,12.00070159,10.63207131,11.12170118,11.4642306,10.60528174,10.91328306
01/04/2022,12.1104939,10.64062897,11.55708923,11.25486704,10.26162608,10.79225771
01/04/2022,11.92172391,10.64530371,10.93050125,11.45791543,10.67799509,10.84462886
01/04/2022,11.79116426,10.31318488,10.99103835,11.19466306,10.48188917,10.52079175
01/04/2022,11.00585036,9.769851862,10.06072449,10.51382352,9.755969615,9.881500458
01/04/2022,11.79425328,10.66064942,10.93745115,11.24171999,10.11588778,10.84961136
01/05/2022,11.60836632,10.03783389,10.99278957,10.83114147,10.06624316,10.20497705
01/05/2022,11.88881549,10.87715281,10.91361967,11.41542753,10.2897593,11.02323705
01/05/2022,11.16780286,9.997572033,10.38569081,10.5563744,9.48516665,10.13695974
01/05/2022,11.00947535,9.604148005,10.39280299,10.23355298,9.291739073,9.739446849
01/05/2022,12.10248406,10.57939995,11.2889897,11.51675395,10.74040259,10.90043509
01/05/2022,12.09648922,10.91493358,10.9515625,11.71340919,10.75687199,11.22855523
01/05/2022,11.57446589,9.744937365,11.0428687,10.68856807,9.965266119,10.0247372
01/06/2022,11.33894039,10.2854101,10.23706761,10.93511938,9.925917504,10.48178883
01/06/2022,11.75970437,10.45941064,10.71353346,11.32696192,10.58621528,10.67927409
01/06/2022,11.94467126,10.87377086,10.92655839,11.49639848,10.47925542,11.04758248
01/06/2022,12.15307685,10.5969341,11.52673827,11.38834742,10.50998068,10.85143516
01/06/2022,11.59797256,10.14598863,10.65058304,11.10736984,10.35537177,10.46983015
01/06/2022,11.56141465,10.66485497,10.36391933,11.20196439,10.0191554,10.83609999
01/06/2022,12.19434921,10.66757515,11.38396925,11.60613124,10.81011021,11.00627169
01/07/2022,11.25307767,10.23892121,10.25173124,10.79520578,9.753786041,10.35990077
01/07/2022,12.09583259,10.67842147,11.3383219,11.4631661,10.69211747,10.84230742
01/08/2022,11.20045562,10.06950275,10.00308303,10.8409582,9.864475996,10.36836866
01/08/2022,11.20892552,9.999051532,10.16797925,10.77335142,9.990401749,10.16264117
01/08/2022,11.36010078,10.26463601,10.46351373,10.83594,9.847162809,10.37070632
01/08/2022,11.91597325,10.5452642,11.24994695,11.19496284,10.07221882,10.80136905
01/08/2022,10.83041772,9.508891485,9.700459912,10.44029368,9.737433879,9.756823592
01/09/2022,11.02409735,9.688505776,9.842031225,10.65790841,9.960124873,9.969422995
01/09/2022,11.65530269,10.10239656,11.12098732,10.77326428,9.680107585,10.36509169
01/09/2022,10.97515957,9.83965716,10.19493058,10.36214629,9.229926815,9.973117144
01/09/2022,11.81196898,10.50208652,11.10229139,11.13509797,10.23714259,10.61188393
01/09/2022,11.44662898,10.11258123,10.74903688,10.75792833,9.684209011,10.33981276
01/09/2022,11.6962702,10.25740526,10.99723336,11.00899475,10.23695488,10.38899952
01/09/2022,11.2274312,10.02787685,10.20409539,10.78211119,9.768998431,10.33102156
01/09/2022,11.0445246,9.542526894,10.35197798,10.35080847,9.622577224,9.691617867
01/09/2022,12.17377261,10.77911444,11.35145442,11.59501307,10.77169604,11.01704297
01/09/2022,11.59220077,10.35204887,10.4776225,11.19463781,10.3374664,10.64238761
01/09/2022,11.70672944,10.29799434,10.80325876,11.18727873,10.39708703,10.58261127
01/09/2022,12.01828276,10.49832489,11.41588657,11.22533266,10.25963251,10.746162
01/10/2022,11.17657105,9.710098638,10.5607846,10.39960331,9.485254992,9.887531443
01/10/2022,11.03934644,9.516001045,10.10547433,10.54009878,9.820955019,9.87234102
01/10/2022,12.06205571,10.77137421,11.1179063,11.56938995,10.72261016,11.00940197
01/11/2022,12.1806478,10.77294801,11.23495789,11.68896057,10.91717931,11.06872797
01/11/2022,12.05783133,10.79684961,11.27801329,11.44444934,10.49753633,10.95354721
01/11/2022,12.14387828,10.72565287,11.47187127,11.42914523,10.62116971,10.83900813
01/11/2022,12.11319177,10.9368779,11.02263101,11.70368472,10.91274311,11.09962954
01/11/2022,11.27365642,10.04902437,10.43688731,10.70609309,9.776134524,10.20431367
01/12/2022,11.59923718,10.32029263,10.42970415,11.22744463,10.39798052,10.65426527
01/12/2022,11.42781158,10.32100817,10.49253521,10.92946364,9.963479357,10.45047502
01/12/2022,12.11670486,11.01167598,11.06746249,11.68561804,10.84287551,11.12258686
01/12/2022,11.93247011,10.41096151,11.06485871,11.38783453,10.68128012,10.70793956
01/12/2022,11.21145889,9.602517071,10.69365153,10.30558366,9.228397991,9.889281293
01/12/2022,11.86296011,10.70191801,11.01318352,11.30521165,10.18008577,10.91276253
01/12/2022,12.08886874,10.63023477,11.30590965,11.47813819,10.569847,10.96196111
01/12/2022,11.52761677,10.34303031,10.7278568,10.93082108,9.914114897,10.48176964
01/12/2022,12.05343737,10.69532196,11.03762648,11.60385914,10.80245207,11.00840468
01/12/2022,11.58463115,9.946796631,10.99912048,10.77086963,10.03629106,10.11754571
01/01/2023,11.8400381,10.51410298,11.18571025,11.1065186,10.13804436,10.62905223
01/01/2023,11.82557176,10.21484067,11.29959306,10.9316065,10.05472147,10.39365104
01/01/2023,12.19605024,10.5800261,11.53193118,11.47301746,10.7482048,10.81058395
01/01/2023,11.81868226,10.60907703,10.90835013,11.30387674,10.38703476,10.79343898
01/01/2023,11.28715671,10.01426783,10.39887939,10.75723107,9.691288037,10.33505467
01/01/2023,11.71447173,10.4334735,10.92459823,11.10952949,10.0644949,10.67618224
01/01/2023,11.62827442,10.50903302,10.54235057,11.21641766,10.393948,10.63779161
01/01/2023,11.27438727,10.18708209,10.3301608,10.7817819,9.601266281,10.41491294
01/01/2023,11.09453727,9.714197737,10.29800358,10.49510995,9.502027416,10.03243082
01/01/2023,11.35807898,10.22143249,10.26977113,10.94743916,9.93431579,10.49635061
01/02/2023,12.1883832,10.79629911,11.56193251,11.42378212,10.41298274,10.97135587
01/02/2023,11.16680324,9.662878648,10.25801086,10.65097097,9.922355459,9.992122846
01/02/2023,11.69602573,10.7005014,10.66290012,11.25614849,10.12293477,10.86756431
01/02/2023,11.3379957,9.595353838,10.71533575,10.56903921,9.872849574,9.878976489
01/02/2023,12.08834724,10.8286039,11.12630695,11.60690752,10.7014938,11.08877955
01/03/2023,11.09200783,9.965408837,10.11771425,10.61808666,9.478021776,10.23275677
01/03/2023,11.94875759,10.53924848,11.14311008,11.35673627,10.61466415,10.71025394
01/03/2023,12.16864272,11.02873675,11.12251927,11.73587053,10.87699763,11.18486281
01/03/2023,11.19340313,9.655077147,10.58874733,10.4031972,9.625548489,9.788020209
01/03/2023,12.04605326,10.4013137,11.44322478,11.25362558,10.4689414,10.64435838
01/04/2023,12.08797866,10.7117044,11.14683114,11.5933967,10.75219145,11.02920319
01/04/2023,11.50560608,10.03172128,10.62147188,10.9727707,10.22964336,10.32725685
01/04/2023,12.05004759,10.53661314,11.44241908,11.26339137,10.21355567,10.83263551
01/04/2023,11.63258188,10.41069336,10.64599955,11.16602842,10.11370474,10.73661165
01/04/2023,11.28162786,10.19707798,10.49134327,10.67703528,9.487153681,10.31429308
01/04/2023,11.49334101,10.03713045,10.71686302,10.87713047,10.01450403,10.32889154
01/04/2023,11.33861385,10.07146041,10.61808396,10.67214269,9.49277182,10.30476939
01/04/2023,12.2017518,10.89148945,11.32258327,11.66539824,10.93760312,11.00575523
01/04/2023,12.18246236,10.90501666,11.27237297,11.6674896,10.85590226,11.08024375
01/04/2023,10.94809459,9.707222287,10.08988448,10.39661609,9.215231259,10.03014623
01/04/2023,11.72599404,10.63664733,10.62117979,11.32362764,10.227639,10.91686626
01/05/2023,11.40702958,10.12896886,10.26356635,11.02327379,10.27622582,10.38130109
01/05/2023,10.8267085,9.679643726,10.06416332,10.19849142,9.042021135,9.820800857
01/05/2023,11.17736205,9.768879804,10.39310778,10.56773586,9.804427352,9.940196688
01/05/2023,12.1653657,10.91285138,11.25813545,11.64846255,10.8581935,11.04384997
01/05/2023,11.95961368,10.76678556,11.11794184,11.39576876,10.4691126,10.89181282
01/05/2023,12.16576973,10.82394044,11.26235604,11.64627511,10.69776339,11.15638174
01/05/2023,12.06820053,10.43319316,11.53720986,11.18142877,10.07291817,10.78089711
01/06/2023,11.76217807,10.25538156,11.18809425,10.9338688,10.04912185,10.40147767
01/06/2023,10.9487398,9.40157004,10.34025981,10.1631268,9.385984916,9.547534013
01/06/2023,11.86001132,10.42001909,11.0352789,11.28314347,10.41746485,10.73711661
01/06/2023,11.3367787,10.07691625,10.40219479,10.83798485,9.791742077,10.40529955
01/06/2023,10.99699632,9.845718629,10.06470519,10.49672477,9.58602935,9.982197687
01/06/2023,12.20460781,10.88325485,11.5695116,11.44984157,10.45148986,10.99022278
01/06/2023,12.07054777,10.47242081,11.51291239,11.22061664,10.43070061,10.6157193
01/06/2023,12.13277991,10.86595054,11.35329975,11.51911098,10.48696926,11.07869221
01/07/2023,10.9961162,9.592984108,9.897324744,10.59076582,9.857808534,9.935952788
01/07/2023,11.86961066,10.08533914,11.33340757,10.99023486,10.20347058,10.38271693
01/07/2023,12.11674485,10.46785797,11.52806958,11.30693656,10.36128282,10.81523805
01/07/2023,11.86800869,10.67163459,11.10197733,11.24280565,10.13937518,10.83976057
01/07/2023,12.14011782,10.70454023,11.49710096,11.39420529,10.50629609,10.86402016
01/07/2023,12.11331003,10.567807,11.49962038,11.33385456,10.52796279,10.7420404
01/08/2023,11.73849796,10.50171426,10.99392747,11.09427375,10.11447231,10.62367727
01/08/2023,11.68664414,10.04769727,11.12336048,10.84423545,9.842861322,10.38639
01/08/2023,12.16453526,10.45177114,11.61280776,11.30663423,10.60499402,10.62193294
01/08/2023,12.07178726,10.88866913,11.20112995,11.52934963,10.58452154,11.03712239
01/08/2023,11.61478736,10.57159435,10.74425419,11.07226602,9.929490751,10.68819473
01/09/2023,11.61068472,10.13208585,10.96853371,10.8638195,10.09758528,10.23881529
01/09/2023,12.14513143,11.13377345,11.15779109,11.67902267,10.56578674,11.28080258
01/09/2023,11.9110869,10.53562964,11.18647694,11.24845574,10.27021518,10.77691655
01/09/2023,11.52126995,10.36077721,10.64858833,10.98029492,10.03115241,10.49081362
01/09/2023,11.19720622,9.954303166,10.39827191,10.59974306,9.709070827,10.07150867
01/09/2023,11.41402077,10.25096254,10.5113615,10.89402173,9.929177091,10.41433323
01/09/2023,10.99417074,9.335448966,10.23597349,10.36213094,9.663110161,9.67488591
01/10/2023,11.47206647,10.26868532,10.4621431,11.01913787,10.0223287,10.55862701
01/10/2023,11.81578349,10.18253835,11.25130575,10.97494881,10.11119062,10.42753246
01/10/2023,12.10259277,11.06355415,11.18472015,11.59282958,10.51251035,11.17810488
01/10/2023,11.40557037,10.27423242,10.30413741,11.00152929,10.1642112,10.43439217
01/10/2023,12.16474575,10.81531596,11.04154933,11.77135744,11.00587852,11.14567562
01/10/2023,11.70082723,10.49959036,10.51280228,11.33725078,10.47550943,10.78835297
01/10/2023,11.60664831,10.57743354,10.63820501,11.12915348,9.982183331,10.74703925
01/10/2023,12.02680855,10.40037362,11.35803018,11.30869612,10.54683761,10.67986405
01/11/2023,11.75160306,10.54598232,10.86428918,11.22099567,10.30093833,10.71269552
01/11/2023,11.75737488,10.66270696,10.87412765,11.22391098,10.19699875,10.78059187
01/11/2023,11.89114799,10.46968497,11.33793818,11.03526061,9.973961979,10.61062788
01/12/2023,11.52241632,9.929321066,10.85464863,10.80324905,9.903720611,10.28112468
01/12/2023,11.93118057,10.80297281,10.9157645,11.48137933,10.57409456,10.96452167
01/12/2023,10.99116908,9.632383676,9.916177073,10.57370684,9.805383471,9.950525099
01/12/2023,11.55359045,9.982652017,10.83509829,10.88518045,10.0357204,10.32721597
01/12/2023,11.56087466,10.24193702,10.74735005,10.97517579,10.14680522,10.40115607
01/12/2023,11.72868817,10.40459907,10.97979324,11.08835964,10.02493846,10.66484676
01/12/2023,12.12292107,10.73716565,11.2255408,11.59929601,10.88809718,10.9238984
01/01/2024,12.03904915,10.67668566,11.19314957,11.47839373,10.73329459,10.83465198
01/01/2024,12.1357435,10.79065845,11.16163306,11.66169542,10.94418167,10.99235201
01/01/2024,11.17915542,9.637906869,10.4998902,10.47195917,9.575151758,9.947978356
01/02/2024,12.16145962,11.06216663,11.01895095,11.77724832,10.76976548,11.32291447
01/02/2024,11.48217147,9.751685131,10.92966442,10.62534028,9.811425835,10.03997822
01/02/2024,12.13156354,10.31387608,11.55107411,11.31144849,10.58912556,10.6466737
01/03/2024,11.09920151,9.638470739,10.37278546,10.43828123,9.515666549,9.931698069
01/03/2024,12.11389777,10.85625746,11.3900098,11.45058515,10.45490199,10.98940597
01/03/2024,12.0993201,10.58536719,11.34228496,11.46623364,10.61758319,10.90764941
01/03/2024,11.7405518,10.31302319,11.21658181,10.84367877,9.728959,10.4462002
01/03/2024,11.48391806,10.58736067,10.3237632,11.10787484,10.01823629,10.69791507
01/03/2024,12.17690068,11.00175486,11.32003871,11.62440737,10.43248715,11.26253507
01/04/2024,11.85892139,10.88488088,10.71837512,11.47379217,10.35817641,11.07673706
01/04/2024,10.97015161,9.676554843,10.21564724,10.33484606,9.363512896,9.859153452
01/04/2024,11.54162677,10.0261008,11.02617532,10.63225902,9.681713116,10.1436745
01/04/2024,11.19950717,9.512298051,10.54087173,10.47064284,9.699616322,9.849798336
01/05/2024,11.98942198,10.68022963,11.12734395,11.44076045,10.51844908,10.93394638
01/05/2024,11.4856284,10.23352569,10.45129021,11.04642354,10.12344439,10.54005859
01/05/2024,10.99619816,9.48906389,10.47076931,10.10146105,9.091224065,9.648760215
01/05/2024,11.91776662,10.18243422,11.39993366,11.01191217,10.08563352,10.50771749
01/05/2024,11.92419076,10.71179441,10.77690353,11.54221226,10.61693232,11.03735095
01/05/2024,12.0838949,10.76956323,11.21916061,11.53716952,10.69743547,10.97186027
01/05/2024,11.60091644,10.40433722,10.68920653,11.08704055,9.918498595,10.71481025
01/06/2024,11.66414985,10.45185683,10.77577564,11.13428524,10.18759868,10.64324591
01/06/2024,11.86580452,10.67707366,10.80455783,11.4411304,10.71106817,10.78360466
01/06/2024,11.03459066,9.78937176,10.1445419,10.5059072,9.581441196,10.00054024
01/06/2024,11.88945537,10.26643703,11.13311417,11.25575792,10.5114291,10.6113245
01/06/2024,11.29420394,9.784511222,10.7655152,10.40415379,9.205449867,10.04525562
01/06/2024,10.85514962,9.637886914,9.922780638,10.35493281,9.329447022,9.910845835
01/07/2024,10.85627823,9.626953735,10.02290282,10.286126,9.222369417,9.862818676
01/07/2024,12.19340818,10.85357259,11.43499627,11.56153548,10.59955451,11.08006538
01/07/2024,11.02565345,9.700567969,10.076566,10.53613614,9.821451154,9.864124658
01/07/2024,12.15720912,11.07125417,11.02560271,11.76784937,10.59834661,11.39604112
01/07/2024,11.72954107,10.31714034,10.93661611,11.12712778,10.22632074,10.60586965
01/07/2024,11.10431592,9.538987726,10.51113034,10.30012724,9.51918625,9.687746387
01/07/2024,11.09195894,9.873968188,10.28813884,10.49847513,9.387049162,10.09939692
01/07/2024,12.10479379,10.73751583,11.47667967,11.34210012,10.31803148,10.89718875
01/07/2024,11.31920824,9.984919699,10.49750491,10.73997893,9.819861618,10.23173227
01/07/2024,10.90865183,9.539084683,10.08590292,10.3302532,9.486162522,9.768282492
01/07/2024,12.10076471,10.66672176,11.13012393,11.62460674,10.90254822,10.95957585
01/07/2024,12.00783505,10.81459906,11.110292,11.4843231,10.51902889,11.00489789
01/07/2024,12.1212272,10.60214976,11.44473045,11.41115873,10.47481669,10.91349892
01/07/2024,11.42196864,10.12436029,10.55334689,10.87807145,9.897434627,10.40798253
01/07/2024,11.78850288,10.41321878,10.72962228,11.36257545,10.56008754,10.76800431
01/08/2024,11.05788017,9.610842229,10.33050776,10.39785602,9.46161105,9.900165556
01/08/2024,11.57001147,9.901532976,10.92839042,10.82255825,10.07164528,10.18405918
01/08/2024,11.82052952,10.07924388,11.25114189,10.98613094,10.20571654,10.37327415
01/08/2024,11.34187878,10.2422706,10.23089238,10.94256146,9.976542618,10.4635937
01/08/2024,12.17108226,10.58788065,11.58464496,11.35847444,10.49601106,10.81010394
01/08/2024,11.77394081,10.52165431,11.11750532,11.04269867,9.868395712,10.67305672
01/08/2024,11.59621822,10.48268667,10.45149565,11.2130482,10.13625148,10.79651467
01/08/2024,12.03249091,10.88938322,11.02873172,11.57600642,10.40104974,11.20664712
01/08/2024,11.0822986,10.02883774,10.23170182,10.52517673,9.349915247,10.15597886
01/08/2024,11.73236512,10.68304374,10.65395832,11.31665424,10.28187428,10.87769587
01/09/2024,11.4158564,9.916227433,10.64457952,10.79519506,9.97182333,10.21728787
01/09/2024,12.18879031,10.84381407,11.33407887,11.63470771,10.69560506,11.1388205
01/09/2024,11.83411055,10.72585951,10.85079834,11.36560532,10.29098908,10.94794035
01/09/2024,11.40125915,10.2151686,10.62610769,10.78391896,9.682154432,10.3800573
01/09/2024,12.0412363,11.03684445,10.88805902,11.66198495,10.70943342,11.17463676
01/09/2024,11.37153893,9.85894825,10.84148925,10.48343663,9.549539219,9.984225028
01/09/2024,11.93419812,10.57493771,11.09456773,11.36880445,10.56979143,10.77140169
01/09/2024,11.79471959,10.34585967,11.23981384,10.94112467,9.839003654,10.53743584
01/09/2024,11.96218264,10.68591392,10.92853648,11.52258989,10.62861197,10.99662434
01/10/2024,11.4727023,9.814090606,10.79659859,10.76223731,9.989748344,10.14263629
01/10/2024,11.80431258,10.6814781,10.73711897,11.38277143,10.54070981,10.8192304
01/10/2024,12.10492064,10.75990149,11.42233694,11.40110838,10.27681215,11.00825859
01/10/2024,10.9384832,9.499274214,10.31710089,10.16805838,9.000342921,9.795488608
01/10/2024,12.14819663,10.5929,11.52905818,11.37513398,10.33278844,10.94031967
01/11/2024,11.01959938,9.430629913,10.47317449,10.15447745,9.247621331,9.637377507
01/11/2024,11.84556478,10.44069563,10.81804138,11.40257683,10.70290358,10.7159356
01/11/2024,11.20643652,9.746378498,10.50976793,10.51682548,9.636535008,9.981305152
01/11/2024,11.5162249,9.98154806,10.7060647,10.92783975,10.22260802,10.24666831
01/11/2024,12.20410474,11.02505521,11.42559487,11.58961235,10.57643035,11.13854413
01/11/2024,11.83748147,10.64423516,10.92027097,11.32728059,10.50088409,10.75171841
01/11/2024,11.73542524,10.26849502,10.81920153,11.22456828,10.47657129,10.58344352
01/12/2024,11.24603174,9.381113242,10.69772614,10.38348279,9.645630802,9.733186419
01/12/2024,10.95209314,9.301208587,10.39164445,10.10594558,9.251300792,9.551875844
01/12/2024,11.78138713,10.32700141,11.0660989,11.10991633,10.21338421,10.5857233
01/12/2024,11.89224591,10.55714178,11.21789947,11.17995168,10.0904732,10.76990922
01/12/2024,11.72737773,10.48707171,10.91935183,11.13727608,10.16494053,10.6621648
01/12/2024,11.40766283,10.11899283,10.32347968,10.99492111,10.29184634,10.31163717
01/12/2024,11.36382028,10.25379817,10.39187023,10.8884697,9.72731521,10.5128947
01/12/2024,11.21613411,9.86635351,10.11740786,10.81074616,10.09002742,10.14446999
